branch,college_tier,cgpa,backlogs,coding_skills,dsa_score,aptitude_score,communication_skills,ml_knowledge,system_design,internships,projects_count,certifications,hackathons,open_source_contributions,extracurriculars,placement_status,salary_package_lpa
ECE,Tier-3,6.7,0,7.6,4.4,49.5,3.7,6.4,0.3,1,4,4,3,2,1,1,14.75
Chemical,Tier-2,5.7,0,5.4,7.9,72.0,8.3,6.3,1.9,0,4,0,0,0,0,0,0.0
EE,Tier-2,7.19,0,5.6,6.8,79.1,7.4,4.4,5.2,1,3,2,1,2,0,1,19.06
CE,Tier-2,6.48,0,5.2,3.1,48.4,5.0,1.1,6.7,1,4,3,0,0,0,0,0.0
CSE,Tier-2,6.71,1,5.9,4.7,61.2,4.3,2.7,2.8,1,2,0,3,0,1,1,13.42
CSE,Tier-3,6.21,1,6.7,6.5,69.9,5.0,4.0,5.2,2,3,3,2,0,1,1,16.47
CSE,Tier-3,7.91,0,7.0,3.9,61.5,6.7,4.9,2.2,2,5,2,1,0,3,1,16.51
IT,Tier-3,6.95,0,6.1,6.0,44.4,5.5,4.5,6.3,1,2,1,1,1,0,0,0.0
CE,Tier-2,7.03,0,5.1,2.5,54.7,6.4,6.2,3.2,1,3,0,3,0,1,1,13.49
EE,Tier-2,7.34,3,4.7,6.2,78.8,5.9,6.7,5.2,1,2,1,1,0,0,1,17.95
CSE,Tier-1,7.12,0,4.3,10.0,71.0,5.2,2.4,4.1,0,1,2,1,1,0,1,19.63
Chemical,Tier-3,6.04,0,6.4,10.0,54.4,7.0,6.9,7.4,1,3,1,0,1,1,1,20.38
IT,Tier-2,7.16,2,9.3,6.6,88.9,3.9,0.1,6.3,3,3,0,1,0,2,1,21.08
CSE,Tier-2,6.14,0,6.4,9.3,56.6,5.9,3.4,3.1,3,2,1,3,2,0,1,20.26
CSE,Tier-2,7.67,3,4.9,9.0,70.1,6.3,4.6,1.5,0,2,0,3,0,0,1,15.68
CSE,Tier-3,7.37,2,4.3,7.7,82.4,8.8,6.6,4.7,2,1,0,0,1,1,0,0.0
ECE,Tier-2,6.16,1,7.0,4.2,68.2,3.5,7.5,2.9,0,4,0,0,0,1,1,13.91
CE,Tier-2,6.24,0,4.3,3.6,60.6,5.6,4.9,7.0,1,4,2,0,0,1,0,0.0
ME,Tier-2,6.82,1,6.9,3.0,92.2,4.1,2.4,5.0,1,3,3,0,0,1,1,14.58
ECE,Tier-2,8.68,1,5.0,6.4,78.9,5.9,2.2,7.5,1,2,1,0,0,2,1,17.51
CE,Tier-3,6.95,0,4.2,7.3,67.4,2.2,3.4,5.7,2,4,2,2,1,0,1,19.51
CSE,Tier-2,7.72,0,5.7,5.6,72.4,8.1,4.3,0.5,2,2,4,0,2,0,0,0.0
ECE,Tier-3,4.85,0,4.0,7.3,65.3,5.8,3.0,3.5,0,5,1,0,0,2,0,0.0
ECE,Tier-3,6.18,1,6.2,5.6,93.8,4.9,6.4,6.4,1,2,2,2,0,0,1,15.89
ME,Tier-1,7.81,3,7.0,3.1,62.9,5.6,4.0,3.5,1,2,1,0,1,1,0,0.0
IT,Tier-2,8.48,0,6.4,4.7,51.0,4.6,5.0,3.8,1,1,2,0,0,1,1,19.6
CSE,Tier-1,8.83,0,7.2,8.3,76.7,7.2,7.8,0.2,1,2,0,3,0,3,1,22.55
ME,Tier-3,7.35,0,5.2,4.3,60.7,10.0,3.1,4.0,2,3,3,0,0,0,0,0.0
CE,Tier-2,8.69,0,5.7,6.2,69.1,7.6,3.0,3.2,2,3,4,0,0,0,1,20.76
CSE,Tier-2,9.06,0,6.3,5.7,58.7,6.8,6.4,6.0,2,1,1,2,2,0,1,20.47
CE,Tier-3,6.9,0,3.5,4.3,68.0,5.2,3.6,0.0,2,3,3,0,0,2,0,0.0
CSE,Tier-2,7.97,2,6.5,5.6,58.9,6.9,5.5,2.3,1,3,1,0,0,0,1,18.6
CSE,Tier-3,5.8,2,7.2,6.6,52.6,6.5,5.5,1.3,2,3,0,1,0,3,0,0.0
Chemical,Tier-3,8.39,0,6.6,4.5,50.5,5.7,3.9,5.6,0,2,2,1,1,1,1,14.66
Chemical,Tier-3,7.8,0,7.6,5.8,70.1,4.1,5.0,4.1,3,1,2,0,0,3,0,0.0
IT,Tier-1,8.24,0,6.8,3.3,53.8,4.8,6.1,7.1,0,3,2,1,0,1,1,19.6
ECE,Tier-1,7.6,0,6.7,7.2,69.7,6.1,6.2,3.0,1,3,1,1,0,0,1,20.2
CSE,Tier-3,7.95,0,4.6,7.2,74.4,6.1,3.9,6.6,3,3,1,1,1,1,1,17.96
EE,Tier-3,7.9,1,2.3,4.1,76.2,4.2,5.1,5.1,1,1,3,0,0,1,1,13.65
ME,Tier-2,6.47,0,5.4,8.3,55.4,6.5,5.7,3.9,0,2,1,0,0,2,0,0.0
CSE,Tier-2,7.49,2,9.5,3.3,55.4,7.5,5.3,3.9,2,2,1,1,1,2,1,18.94
ME,Tier-2,7.67,0,5.0,3.6,70.7,6.4,3.4,4.9,0,2,3,0,1,2,1,14.66
CSE,Tier-3,6.73,2,7.1,7.0,45.4,4.9,6.5,5.2,0,3,1,1,0,0,1,14.71
Chemical,Tier-3,8.12,0,6.8,3.5,77.2,4.8,3.7,4.5,0,2,0,0,1,2,1,14.38
ECE,Tier-2,9.06,0,5.4,5.1,50.8,4.5,5.0,6.4,0,3,1,2,0,1,1,17.67
EE,Tier-2,8.39,0,6.9,2.9,72.8,4.8,2.0,3.6,1,3,1,0,0,1,1,14.14
ECE,Tier-2,6.47,3,8.7,5.0,74.3,6.7,3.7,2.6,3,2,2,2,1,2,1,19.34
CE,Tier-1,7.64,2,5.6,4.3,67.4,8.3,6.6,3.3,1,1,3,0,0,2,0,0.0
CE,Tier-1,7.13,0,5.4,4.2,76.0,7.6,7.3,5.3,3,1,1,2,0,2,0,0.0
CSE,Tier-1,7.25,3,4.2,5.6,57.1,5.4,4.6,9.2,0,5,1,3,1,2,1,18.91
Chemical,Tier-1,7.21,0,8.1,7.1,67.1,7.8,3.1,2.5,3,5,1,0,0,0,1,21.96
IT,Tier-2,8.29,0,5.7,7.4,67.3,6.5,3.8,1.8,2,2,1,0,0,1,0,0.0
Chemical,Tier-1,6.75,0,6.8,5.4,49.6,5.0,4.9,4.1,3,3,2,1,0,1,1,22.16
IT,Tier-3,6.36,0,6.8,3.9,57.9,6.4,2.6,5.9,1,1,1,0,2,3,1,14.88
CE,Tier-3,7.17,1,5.4,7.7,72.6,6.0,3.8,0.5,0,5,2,1,1,0,0,0.0
Chemical,Tier-3,8.7,0,6.6,7.6,66.1,6.6,1.1,4.2,1,2,4,0,0,0,1,16.86
CSE,Tier-3,8.32,0,4.6,6.6,62.1,5.4,3.2,1.6,1,3,3,2,0,1,1,18.55
CSE,Tier-3,7.47,0,4.4,5.6,73.0,5.7,3.6,5.9,0,1,1,1,1,3,1,13.98
CSE,Tier-1,6.83,1,7.2,7.7,72.7,6.6,6.7,5.6,0,2,0,0,2,2,1,18.48
ECE,Tier-1,7.98,0,7.0,6.0,67.3,6.9,3.6,5.1,1,1,4,0,0,0,1,18.86
ECE,Tier-3,7.93,3,1.4,8.7,86.0,6.3,3.7,3.2,2,1,1,1,2,2,1,15.92
ECE,Tier-2,8.51,0,5.2,4.1,86.7,5.0,1.0,4.4,1,1,0,2,0,2,1,14.91
IT,Tier-1,8.85,0,5.8,6.1,66.1,8.7,4.8,3.8,3,0,1,1,1,0,1,22.69
ECE,Tier-2,8.61,0,7.8,7.2,93.3,9.1,4.0,3.9,1,1,2,0,0,1,1,19.26
ECE,Tier-3,7.8,2,6.0,5.5,61.9,7.5,9.1,4.5,3,0,4,1,1,0,1,19.59
CE,Tier-2,7.75,1,7.9,6.7,87.1,3.6,3.5,4.5,1,2,2,0,0,0,1,17.25
CSE,Tier-2,7.91,0,5.0,6.1,45.8,7.5,6.3,4.1,0,2,2,0,0,1,0,0.0
IT,Tier-3,8.38,0,6.5,1.0,39.1,3.9,4.4,3.4,0,2,3,0,0,2,1,14.53
CSE,Tier-3,7.62,0,8.2,5.9,63.3,3.1,4.6,2.0,1,2,2,0,0,0,1,17.44
Chemical,Tier-1,6.94,1,9.5,7.3,62.7,6.5,0.2,5.5,1,1,2,0,0,1,1,20.61
IT,Tier-2,8.03,0,3.3,5.2,57.1,4.9,3.8,6.1,1,4,0,0,1,2,1,17.78
CSE,Tier-3,5.99,0,4.8,8.1,48.4,4.6,6.1,5.4,3,4,1,0,0,1,1,20.12
CSE,Tier-1,7.63,0,6.1,5.3,68.8,3.2,5.7,4.8,1,1,2,1,2,2,0,0.0
IT,Tier-1,6.59,0,7.4,5.1,77.6,6.7,3.3,3.8,3,1,1,1,0,0,1,19.93
EE,Tier-1,8.62,0,6.4,5.2,80.8,7.0,7.7,3.0,1,2,1,1,0,3,1,22.56
EE,Tier-2,7.73,2,4.2,5.7,63.0,9.6,4.4,4.3,1,3,1,0,1,0,1,17.59
IT,Tier-2,8.13,2,2.6,6.4,64.2,4.2,2.5,7.8,0,2,0,0,0,3,0,0.0
CSE,Tier-3,7.55,0,5.0,5.9,84.2,7.0,5.0,5.3,1,3,2,0,0,2,1,15.61
ECE,Tier-3,6.69,0,7.7,3.3,79.2,6.5,3.0,4.9,1,0,2,1,2,0,1,14.19
CSE,Tier-3,7.5,0,7.2,3.4,62.2,8.1,3.5,4.1,0,2,3,0,2,2,1,15.17
IT,Tier-2,7.46,0,5.6,4.5,70.1,7.4,8.8,5.9,1,1,1,1,0,0,1,20.86
EE,Tier-3,7.2,0,6.6,1.0,59.9,5.1,6.9,2.4,1,2,0,0,1,3,1,14.25
ECE,Tier-2,7.69,0,6.0,7.1,66.7,5.3,3.9,2.2,0,2,3,1,0,2,1,16.66
CSE,Tier-1,7.51,0,6.6,5.5,76.7,5.0,7.2,4.9,0,0,2,0,1,1,1,19.07
ECE,Tier-2,7.05,2,6.6,8.5,66.3,6.2,7.2,3.8,0,3,1,2,0,0,1,19.06
ECE,Tier-3,6.52,0,6.1,1.0,64.4,6.2,6.1,4.8,1,2,1,2,0,3,0,0.0
EE,Tier-3,7.4,0,4.2,5.0,45.1,7.2,3.2,7.1,2,2,3,1,0,3,1,16.8
EE,Tier-3,6.54,2,5.5,6.1,54.2,5.6,2.7,4.7,0,2,1,0,2,1,0,0.0
IT,Tier-3,7.47,2,5.4,5.4,70.7,7.8,1.5,8.9,2,1,1,0,0,2,1,16.58
ME,Tier-2,7.94,0,4.8,9.1,64.2,5.1,3.5,4.5,3,4,0,0,2,0,1,21.4
CSE,Tier-1,9.51,0,9.0,7.7,72.0,5.4,5.0,6.5,3,2,1,2,0,1,1,26.47
EE,Tier-3,7.69,1,5.5,5.3,63.6,5.7,4.5,2.4,0,1,0,2,1,1,1,15.21
IT,Tier-2,5.92,0,4.4,4.7,58.5,5.8,3.6,3.2,1,2,1,2,0,0,0,0.0
CE,Tier-1,8.05,2,3.6,6.6,70.9,4.6,3.3,6.6,1,3,0,3,1,2,0,0.0
IT,Tier-2,8.36,2,7.1,7.0,62.2,5.0,0.0,4.3,1,2,0,0,0,3,1,17.85
ME,Tier-3,6.62,0,5.6,2.9,52.1,4.0,6.8,5.0,3,3,2,3,0,2,1,16.14
CE,Tier-3,7.8,0,5.2,5.4,71.0,5.4,2.8,5.8,0,4,1,2,0,2,1,15.8
ME,Tier-3,7.44,0,5.7,7.3,61.4,5.1,0.0,5.4,1,1,2,1,1,3,1,15.69
CSE,Tier-2,8.52,1,5.6,4.9,51.5,5.7,5.6,5.2,1,4,4,1,2,1,1,18.3
CSE,Tier-1,8.15,2,5.1,6.9,79.7,4.4,4.6,1.8,2,1,0,1,0,1,1,22.43
CSE,Tier-3,7.05,0,6.6,8.1,72.7,4.4,6.0,5.6,2,2,2,0,0,1,0,0.0
EE,Tier-2,7.47,0,5.0,4.7,60.0,7.4,9.0,4.9,0,2,1,2,0,1,0,0.0
ECE,Tier-3,7.15,0,6.9,3.3,56.8,3.9,10.0,6.7,0,1,4,0,0,3,0,0.0
ME,Tier-2,7.28,0,5.2,7.3,76.4,5.6,3.6,3.4,2,2,1,0,0,1,1,18.39
Chemical,Tier-3,5.99,2,6.2,6.8,54.6,4.8,2.9,5.6,1,3,1,1,1,1,1,15.13
CSE,Tier-3,7.4,2,8.3,6.2,73.9,3.3,2.3,5.9,1,2,0,0,0,2,0,0.0
ME,Tier-1,8.6,0,7.8,6.2,78.3,3.3,1.0,7.4,3,2,3,1,1,1,1,21.62
IT,Tier-1,8.37,0,8.8,8.9,66.8,5.4,5.1,0.7,3,2,2,0,0,2,1,25.19
CSE,Tier-3,6.97,0,6.0,1.1,45.3,4.5,5.0,2.8,2,2,3,1,1,2,1,15.32
CSE,Tier-3,6.79,2,5.0,1.6,82.6,4.7,5.2,4.4,0,2,1,1,0,1,0,0.0
ECE,Tier-1,7.02,0,6.9,7.4,73.6,6.4,6.1,5.4,1,2,1,0,0,0,1,23.4
CSE,Tier-2,6.42,0,5.7,7.9,63.9,6.2,2.3,4.2,1,2,0,1,2,1,1,17.94
Chemical,Tier-2,7.89,1,5.4,7.6,65.5,5.8,6.7,0.8,1,0,0,0,0,1,1,18.79
IT,Tier-3,7.23,0,4.3,6.5,57.4,5.8,7.4,4.4,2,2,1,1,1,2,1,17.07
EE,Tier-2,7.0,1,4.8,6.0,66.2,2.7,5.1,6.1,1,4,1,1,0,3,0,0.0
IT,Tier-3,7.44,0,6.5,4.3,60.4,4.5,2.6,3.4,1,2,1,0,0,1,0,0.0
IT,Tier-1,8.19,0,7.3,2.5,60.3,6.8,5.7,6.2,2,1,2,1,0,1,0,0.0
CSE,Tier-2,8.96,0,5.2,4.0,71.8,5.4,5.4,3.1,0,5,1,1,0,0,1,16.51
IT,Tier-3,5.67,0,4.0,4.9,81.9,6.8,5.8,4.3,2,2,2,0,0,0,1,17.55
CE,Tier-1,6.77,1,5.3,3.6,52.9,8.2,5.2,7.2,1,1,2,0,2,1,0,0.0
IT,Tier-2,9.84,2,6.1,6.2,61.1,6.0,0.0,3.6,2,1,0,1,0,0,1,20.83
IT,Tier-3,6.94,0,7.6,6.2,99.2,6.3,5.8,6.5,0,3,0,0,1,0,1,15.28
ECE,Tier-2,7.53,1,5.1,3.9,53.3,7.1,2.4,3.2,1,3,2,0,2,1,1,15.63
CSE,Tier-3,7.37,0,5.5,4.7,62.4,3.1,5.7,1.5,1,0,1,1,0,0,0,0.0
CSE,Tier-3,6.34,1,5.0,8.2,84.5,8.2,1.1,7.0,2,1,3,0,0,2,1,17.53
ME,Tier-2,6.71,2,5.3,3.6,70.2,5.1,7.3,4.7,1,4,1,2,0,1,1,14.78
IT,Tier-2,6.63,0,5.9,5.8,80.8,6.2,4.8,5.0,0,1,0,0,2,0,1,17.01
IT,Tier-2,5.84,0,6.2,5.6,81.0,4.3,4.9,1.7,0,4,2,1,0,3,1,15.8
CSE,Tier-3,7.93,2,6.0,3.2,63.5,7.9,5.9,1.8,1,3,1,1,0,0,1,12.99
ME,Tier-3,8.5,0,7.0,6.2,51.3,6.7,5.3,5.0,0,2,2,0,0,2,0,0.0
ME,Tier-3,6.39,1,6.6,6.9,69.5,6.6,2.7,1.2,0,4,2,2,1,3,1,13.82
CSE,Tier-3,8.35,2,6.1,4.2,56.5,5.6,3.4,3.5,0,4,0,1,0,0,1,14.86
CSE,Tier-2,7.75,1,7.8,5.9,79.9,5.8,1.8,5.6,3,1,0,2,0,0,0,0.0
ECE,Tier-2,8.7,3,4.9,7.9,61.1,5.0,6.4,2.0,0,1,4,0,2,2,1,19.03
Chemical,Tier-3,7.4,0,4.6,10.0,68.0,5.6,9.3,5.7,0,4,1,0,0,0,0,0.0
ECE,Tier-3,7.9,1,7.9,7.1,61.7,5.7,2.9,6.2,1,1,0,0,0,1,0,0.0
ME,Tier-2,7.76,0,5.7,2.0,73.1,6.5,3.1,2.7,1,2,1,1,0,2,1,14.07
EE,Tier-3,6.44,3,5.0,6.2,68.8,4.6,5.8,2.4,2,3,1,1,0,2,0,0.0
ECE,Tier-3,7.31,0,4.6,5.3,67.7,5.1,6.0,4.2,1,4,0,0,0,1,1,16.85
Chemical,Tier-3,7.46,1,6.1,5.9,88.5,7.5,6.5,2.9,2,4,1,3,1,1,1,16.28
Chemical,Tier-2,8.68,0,5.6,6.4,96.8,5.7,7.8,6.0,1,3,2,0,0,1,0,0.0
ECE,Tier-2,7.78,1,7.8,5.1,85.9,4.1,4.0,2.3,0,1,1,3,1,0,1,15.51
ME,Tier-3,6.13,0,3.6,3.8,66.6,6.8,3.8,6.8,0,4,1,2,0,1,0,0.0
ECE,Tier-2,6.98,0,4.9,9.9,68.4,6.9,3.6,7.2,0,2,1,1,1,1,1,17.7
ECE,Tier-3,7.8,0,9.5,5.0,71.4,7.3,4.3,4.6,2,2,1,2,1,2,1,21.08
CSE,Tier-3,6.64,0,7.2,4.5,56.2,6.9,3.6,3.0,3,2,3,1,1,2,1,16.9
CE,Tier-2,7.21,0,7.4,3.5,86.7,8.0,8.2,7.0,3,3,3,0,0,0,0,0.0
ME,Tier-3,7.12,0,5.4,5.8,72.8,2.8,4.3,8.7,1,1,2,0,1,1,1,17.31
CSE,Tier-1,6.08,1,7.2,5.4,68.2,3.2,9.4,2.3,0,2,1,1,0,2,1,18.37
ECE,Tier-3,7.3,0,7.5,5.3,69.0,5.6,5.8,3.2,2,3,3,0,2,0,1,17.69
Chemical,Tier-2,8.57,0,7.5,4.7,58.2,6.8,4.7,0.0,0,1,0,0,0,0,1,15.53
CSE,Tier-3,4.97,0,7.4,2.3,67.1,6.3,5.7,4.1,2,4,1,0,2,3,0,0.0
CSE,Tier-1,7.42,2,5.6,8.1,92.6,7.0,2.9,5.8,1,4,1,0,1,0,1,21.29
ME,Tier-2,6.13,0,3.5,4.9,54.5,5.7,3.4,5.5,0,1,3,0,0,1,0,0.0
Chemical,Tier-2,7.45,1,8.3,4.3,64.2,4.9,4.5,5.1,1,2,1,0,1,0,1,16.98
CSE,Tier-2,7.48,0,5.1,7.4,85.3,6.9,1.8,6.2,1,2,1,2,0,1,0,0.0
EE,Tier-3,7.3,3,5.7,3.5,81.0,6.9,6.5,3.9,0,3,1,1,1,0,1,12.79
IT,Tier-3,7.55,0,4.9,4.1,61.4,7.3,10.0,6.2,0,4,2,0,0,0,0,0.0
CSE,Tier-3,6.51,1,6.0,6.0,67.0,6.3,2.5,1.2,1,2,1,0,0,0,1,14.25
EE,Tier-3,5.74,0,3.4,10.0,86.5,4.7,1.9,3.6,0,2,2,0,0,2,1,12.9
ECE,Tier-3,6.77,0,4.6,5.4,49.4,8.2,6.6,4.8,1,3,2,0,0,1,1,16.76
EE,Tier-3,6.28,0,7.2,1.7,62.4,5.2,4.8,5.1,3,4,1,1,0,1,0,0.0
EE,Tier-2,7.31,0,6.1,3.5,67.8,2.6,1.4,6.7,1,2,0,3,0,2,0,0.0
CE,Tier-1,7.46,0,5.3,7.3,66.7,6.2,3.8,3.4,1,5,4,0,0,1,1,20.97
CSE,Tier-2,6.68,0,4.2,5.9,71.9,3.7,3.8,5.0,2,0,1,0,1,1,1,18.65
IT,Tier-2,7.42,1,3.3,3.7,66.4,3.1,0.4,3.7,3,2,0,1,1,1,1,15.96
ECE,Tier-2,8.29,2,5.3,7.0,72.4,6.4,6.9,3.8,0,1,2,0,0,2,0,0.0
CSE,Tier-1,8.68,0,5.7,7.2,69.8,5.3,3.2,4.0,1,2,2,1,0,1,1,21.53
CSE,Tier-3,6.94,1,5.7,5.5,100.0,4.8,5.6,1.0,0,3,1,0,1,1,1,14.46
CE,Tier-3,7.77,0,6.7,5.6,75.9,7.3,4.2,3.6,1,1,1,0,0,2,0,0.0
EE,Tier-2,5.67,0,5.0,7.6,67.6,7.2,4.1,5.5,1,4,1,0,0,1,0,0.0
CSE,Tier-3,6.4,2,3.7,5.7,67.0,5.8,5.1,5.8,1,1,2,0,1,0,0,0.0
ME,Tier-1,4.81,1,5.8,3.2,68.9,3.4,4.4,3.4,1,4,1,0,2,1,1,15.8
CSE,Tier-3,5.89,0,4.4,5.0,59.8,7.6,3.9,2.9,3,2,0,3,0,0,1,18.23
EE,Tier-1,7.97,0,5.1,6.8,91.7,7.2,5.6,1.8,0,1,2,1,0,3,1,17.1
CSE,Tier-2,6.88,0,6.3,3.1,50.0,5.8,5.3,1.9,1,1,1,0,1,3,1,14.74
EE,Tier-2,5.99,0,6.1,7.9,45.9,6.1,1.3,6.2,2,3,1,0,0,2,0,0.0
ECE,Tier-2,7.68,0,5.1,1.8,78.0,5.4,4.6,2.3,3,3,1,2,1,0,1,15.03
Chemical,Tier-2,6.82,3,6.6,5.6,76.9,5.6,4.1,5.1,2,4,3,0,0,0,1,17.97
CSE,Tier-3,8.14,1,8.0,6.4,73.7,7.2,4.3,0.1,2,2,2,0,2,0,1,19.03
ECE,Tier-1,5.5,1,6.8,8.8,71.1,4.6,4.8,1.0,1,3,1,0,1,1,1,17.69
CSE,Tier-3,7.64,0,5.7,4.2,53.1,2.4,3.7,2.7,1,4,1,1,0,0,1,15.55
Chemical,Tier-3,9.32,0,8.3,5.6,74.5,6.8,5.3,6.7,2,2,3,0,0,1,1,20.9
IT,Tier-2,9.53,1,8.8,5.3,56.5,3.7,0.4,0.8,0,3,1,1,2,2,1,15.33
ECE,Tier-3,7.67,1,5.5,2.8,53.8,5.9,6.7,8.1,1,4,2,0,2,3,1,17.61
EE,Tier-3,8.07,1,4.7,1.6,75.1,6.4,7.1,2.8,2,2,0,2,0,0,1,15.75
IT,Tier-3,6.8,2,8.1,5.0,62.4,4.7,3.8,1.7,0,3,3,1,2,1,1,13.31
CE,Tier-3,6.58,0,8.5,5.3,80.2,5.7,3.9,4.4,0,3,1,0,0,2,1,16.6
CE,Tier-3,6.87,0,5.4,5.9,72.9,6.6,1.9,4.1,2,2,1,0,0,3,0,0.0
CSE,Tier-3,6.27,0,4.0,1.0,58.9,5.3,6.3,1.7,1,5,1,1,0,1,1,12.41
CSE,Tier-3,5.01,2,5.5,6.8,69.7,6.8,8.7,5.0,1,1,0,0,0,1,0,0.0
IT,Tier-3,6.77,0,8.6,5.6,69.1,2.6,3.2,3.5,1,1,0,0,1,0,0,0.0
Chemical,Tier-3,6.59,0,3.9,6.0,57.8,5.8,5.6,2.3,0,2,0,0,0,1,0,0.0
EE,Tier-2,6.29,1,4.9,6.1,83.0,10.0,5.5,2.3,1,4,1,1,1,2,0,0.0
ECE,Tier-2,6.64,2,5.1,5.0,49.8,6.8,4.3,5.6,1,2,0,0,0,3,1,16.61
ECE,Tier-3,7.33,0,5.0,2.2,82.4,4.3,2.6,4.6,1,3,0,0,0,2,0,0.0
EE,Tier-3,8.71,0,4.9,6.1,55.6,6.3,6.3,4.7,0,2,1,2,1,1,1,17.89
IT,Tier-1,7.81,1,8.2,6.3,69.1,3.9,8.5,4.4,2,4,1,0,0,1,1,23.08
IT,Tier-3,6.97,0,9.0,7.2,90.5,4.1,5.3,3.1,1,2,0,2,0,2,1,18.02
IT,Tier-3,6.97,1,5.7,3.9,77.0,6.7,5.6,3.1,0,2,1,1,0,0,1,14.13
EE,Tier-1,7.83,0,6.6,7.5,76.9,4.4,4.7,6.6,1,5,2,0,0,1,1,20.65
CSE,Tier-3,6.72,1,6.1,5.4,66.8,6.3,4.9,3.1,3,3,1,3,0,0,1,18.01
CSE,Tier-3,7.01,0,6.9,4.2,77.1,6.6,6.3,1.4,0,0,4,0,1,2,0,0.0
IT,Tier-3,6.17,0,6.5,5.1,68.4,6.0,5.6,4.8,1,1,2,2,0,0,1,15.85
CE,Tier-1,7.75,2,7.0,8.5,63.8,5.9,5.8,4.4,1,2,1,2,0,2,1,21.56
CSE,Tier-3,7.87,1,6.4,8.3,69.3,7.1,2.6,2.8,1,2,3,0,1,1,1,15.81
CSE,Tier-2,6.66,1,5.4,4.6,74.7,5.2,5.2,6.8,2,1,3,0,0,0,1,19.24
EE,Tier-1,5.7,0,7.9,3.4,46.6,7.0,5.3,3.0,1,2,2,0,0,0,1,16.88
CSE,Tier-2,7.3,0,6.3,5.0,71.1,5.4,1.1,1.8,1,2,1,2,1,2,0,0.0
CSE,Tier-2,6.88,2,7.4,2.2,76.2,5.1,3.8,2.5,1,2,0,1,0,1,0,0.0
CE,Tier-3,6.98,0,8.1,3.6,55.2,4.5,4.0,4.6,1,1,2,0,0,0,0,0.0
EE,Tier-2,6.6,0,6.6,6.5,64.2,6.1,7.3,6.9,3,3,2,0,0,0,0,0.0
EE,Tier-2,7.47,0,7.8,4.8,81.6,6.4,6.8,4.1,0,4,1,0,0,1,0,0.0
CSE,Tier-1,6.82,0,8.0,6.1,76.7,6.5,2.4,1.7,1,2,3,2,0,1,1,18.71
EE,Tier-2,9.06,0,5.8,3.6,60.3,5.4,0.0,3.6,1,2,2,0,0,2,1,17.49
CSE,Tier-3,6.56,1,5.2,7.2,51.2,5.5,1.1,5.1,0,3,0,0,0,3,0,0.0
ECE,Tier-3,4.41,2,7.1,5.2,48.4,4.2,5.0,3.2,0,0,0,0,0,1,1,14.24
IT,Tier-3,7.26,0,5.5,7.1,73.7,5.3,6.1,3.2,2,3,1,0,0,3,1,18.04
EE,Tier-2,6.79,0,3.9,3.9,64.2,6.7,6.9,4.0,1,2,2,0,0,3,0,0.0
IT,Tier-1,7.43,1,5.2,3.9,45.7,5.9,7.1,0.6,3,4,0,0,0,3,1,19.73
EE,Tier-3,6.17,1,5.5,9.5,69.9,5.3,4.4,4.0,1,3,0,0,0,2,1,17.33
CE,Tier-3,7.48,1,5.3,5.2,51.9,5.7,8.4,7.6,1,3,1,1,0,3,1,20.19
CSE,Tier-1,7.11,0,6.7,5.4,49.4,5.7,4.1,3.8,0,2,0,0,1,1,1,18.55
ECE,Tier-2,8.19,1,5.7,9.0,60.0,2.6,5.3,6.5,0,4,2,1,0,2,1,20.97
ECE,Tier-2,8.67,0,6.6,8.9,48.5,6.5,4.7,5.2,0,1,3,3,1,2,1,18.32
CSE,Tier-3,6.75,0,3.9,6.6,82.6,6.9,4.6,1.9,0,2,0,0,0,0,1,15.1
Chemical,Tier-2,5.52,2,4.2,8.3,56.4,4.8,3.9,5.8,1,2,2,1,0,0,1,15.52
ECE,Tier-3,7.39,3,5.7,6.1,61.7,5.2,7.2,5.7,2,1,0,1,0,1,0,0.0
IT,Tier-1,5.96,2,5.8,6.1,65.2,10.0,2.3,2.7,1,4,2,1,0,2,1,15.91
EE,Tier-3,6.57,1,5.4,5.4,71.9,5.6,5.1,8.0,2,2,1,1,0,2,1,14.39
IT,Tier-2,8.12,3,6.3,7.0,59.3,7.5,5.0,5.0,0,3,1,2,0,2,1,17.74
ME,Tier-2,7.38,1,7.6,4.1,64.7,5.9,2.8,4.1,1,5,1,0,1,1,1,16.28
CE,Tier-2,6.09,0,7.7,5.6,56.3,4.2,4.4,0.8,1,4,3,2,1,2,0,0.0
ME,Tier-2,6.66,3,5.6,6.6,60.6,6.4,1.6,4.1,2,4,1,0,0,2,1,17.18
CSE,Tier-3,6.5,0,4.3,5.5,73.4,4.7,1.4,0.3,1,2,2,2,0,3,1,10.63
EE,Tier-1,6.89,1,4.7,6.3,71.4,6.9,7.3,5.8,0,4,2,1,1,1,1,19.68
ECE,Tier-3,7.4,0,7.1,6.0,70.3,9.1,3.7,3.2,2,5,2,0,1,1,0,0.0
CSE,Tier-3,7.07,0,4.7,7.3,74.2,8.9,2.9,4.2,1,2,3,0,0,0,1,15.36
EE,Tier-3,5.79,0,3.0,5.4,63.6,4.2,5.8,5.8,0,2,0,1,0,2,1,13.7
CSE,Tier-3,5.07,2,5.2,5.0,57.0,6.4,3.8,3.0,1,2,2,0,0,1,1,13.74
Chemical,Tier-3,7.46,0,6.7,5.2,45.4,6.7,5.5,2.9,1,3,3,1,0,3,1,16.6
Chemical,Tier-3,6.9,0,4.5,4.1,61.0,5.3,6.1,4.7,2,0,2,0,0,1,0,0.0
Chemical,Tier-3,6.64,2,2.6,9.3,66.2,7.4,6.0,1.6,1,1,1,3,0,2,1,15.07
ECE,Tier-1,6.92,0,7.6,4.0,83.3,5.0,4.0,4.5,0,4,0,2,0,1,1,16.45
CSE,Tier-3,6.94,0,7.8,7.0,61.8,6.1,4.8,5.4,1,5,0,2,0,3,1,16.95
Chemical,Tier-1,7.43,0,6.8,6.3,84.7,4.7,4.7,4.0,0,3,0,1,2,0,1,18.67
ME,Tier-3,6.15,0,7.1,2.9,41.6,4.2,0.1,3.3,1,1,3,0,2,1,1,9.0
Chemical,Tier-3,6.27,2,4.8,6.5,90.3,5.4,8.1,1.5,2,5,0,0,1,2,0,0.0
Chemical,Tier-1,6.99,2,6.2,8.4,75.0,4.3,5.2,2.5,0,3,0,1,1,2,1,20.0
IT,Tier-3,5.98,1,5.7,4.8,82.3,6.1,4.8,3.9,1,2,1,0,0,0,0,0.0
ECE,Tier-3,7.09,0,6.3,3.2,54.8,4.9,7.6,3.2,1,3,1,2,0,0,1,14.47
ECE,Tier-2,7.48,3,3.3,5.0,83.1,6.5,4.8,4.6,1,1,3,1,0,1,0,0.0
IT,Tier-1,7.89,0,7.2,5.2,54.1,6.4,3.9,4.0,1,2,1,0,0,1,1,19.6
ECE,Tier-1,6.42,0,6.2,4.5,71.2,7.9,2.2,5.5,1,3,1,2,1,2,1,15.86
CSE,Tier-3,5.28,0,3.1,7.8,70.1,4.8,3.5,0.6,0,3,2,1,0,1,0,0.0
CE,Tier-2,7.57,0,8.5,6.1,91.8,3.6,4.7,9.4,1,5,3,0,0,1,1,20.47
Chemical,Tier-1,8.47,2,6.4,7.5,66.8,7.3,3.3,2.6,0,2,1,1,0,0,1,17.84
EE,Tier-2,5.25,0,7.3,5.9,48.2,5.6,0.4,5.5,0,1,1,0,2,2,1,13.67
CE,Tier-3,7.75,0,6.2,4.2,73.8,5.5,2.8,2.1,1,1,0,2,0,1,1,13.51
CSE,Tier-3,6.96,0,4.3,4.4,62.1,6.6,6.0,8.0,0,2,3,1,1,0,1,15.31
CE,Tier-3,8.77,0,6.1,4.2,83.3,5.4,3.4,5.3,3,4,1,0,0,1,1,17.15
Chemical,Tier-3,7.33,1,4.4,3.2,59.8,4.8,5.3,3.7,1,1,1,1,1,0,0,0.0
CSE,Tier-3,5.1,0,6.8,7.9,65.4,7.9,4.5,0.4,2,4,3,0,0,0,1,17.2
ME,Tier-1,8.73,1,3.6,4.6,61.5,6.4,5.7,0.4,1,2,3,1,0,2,1,17.72
IT,Tier-2,6.69,1,6.3,5.5,61.3,6.1,6.7,3.3,0,3,1,0,0,1,1,15.88
IT,Tier-2,7.57,2,6.1,6.7,81.3,9.1,8.6,2.2,2,0,1,1,0,2,1,19.13
EE,Tier-2,7.37,0,7.0,4.8,78.2,6.3,10.0,3.5,0,1,4,2,0,0,1,18.91
EE,Tier-2,7.65,0,2.8,5.4,51.9,6.3,4.8,3.5,0,2,1,2,1,0,1,15.51
ECE,Tier-3,8.39,0,6.7,3.7,60.6,7.2,7.3,2.7,3,3,2,0,0,1,1,19.97
ECE,Tier-3,7.07,0,4.6,4.9,78.5,5.0,5.8,4.8,0,2,3,0,0,1,1,13.06
IT,Tier-2,8.67,0,4.2,6.2,74.2,3.1,3.7,2.6,1,3,0,1,1,1,1,16.65
IT,Tier-2,6.82,2,3.8,6.5,72.4,7.6,5.3,5.8,1,1,2,2,2,0,1,15.07
IT,Tier-2,7.5,2,4.4,8.6,77.1,7.1,6.2,1.0,2,1,3,0,1,2,1,18.47
Chemical,Tier-2,8.58,0,4.0,5.2,78.2,7.6,4.6,4.5,1,3,1,0,0,3,0,0.0
ME,Tier-2,7.54,0,6.5,2.6,63.4,7.0,4.9,3.1,3,1,1,0,1,1,0,0.0
ME,Tier-2,8.52,3,6.2,3.4,63.3,8.2,6.0,5.7,0,2,1,0,0,1,0,0.0
IT,Tier-2,6.76,0,3.4,7.0,74.3,7.2,3.0,5.3,1,0,4,3,0,2,1,16.5
EE,Tier-2,7.1,1,5.3,6.0,81.3,6.5,4.1,2.2,1,4,1,0,1,0,0,0.0
EE,Tier-3,7.99,1,5.8,6.0,74.6,5.6,5.8,9.6,1,2,3,2,1,1,1,19.96
IT,Tier-2,8.37,0,7.6,6.7,55.1,4.7,4.4,4.5,2,5,2,0,0,1,1,19.37
IT,Tier-2,8.14,0,5.2,6.6,63.3,5.6,6.3,2.1,2,3,2,0,2,3,1,17.19
ECE,Tier-2,8.09,0,5.0,4.6,71.5,9.2,3.2,6.6,1,5,0,1,0,2,1,16.11
ECE,Tier-1,7.79,1,6.3,3.4,89.0,8.6,3.7,4.6,0,3,4,0,0,1,1,17.85
CSE,Tier-3,5.98,1,6.3,5.1,79.2,5.2,3.5,5.7,0,4,1,0,1,2,1,13.64
CE,Tier-2,6.75,1,6.4,5.0,47.8,5.2,4.3,4.1,1,3,1,0,1,2,1,15.91
CSE,Tier-1,6.79,0,6.7,5.3,61.0,5.9,1.9,1.6,3,2,1,0,1,1,1,20.37
ME,Tier-3,7.94,1,4.9,7.6,68.7,3.6,4.9,6.8,2,1,1,0,0,0,1,20.23
CE,Tier-1,6.69,0,4.0,7.1,79.9,5.8,5.8,4.3,3,2,1,2,0,1,0,0.0
ECE,Tier-2,5.06,0,5.0,8.8,69.1,7.6,3.8,4.7,0,1,1,0,0,0,0,0.0
CE,Tier-3,7.21,1,7.5,1.5,59.7,6.4,2.6,1.6,2,3,1,3,1,0,1,13.76
CSE,Tier-3,7.09,0,5.6,5.3,73.8,6.0,9.6,3.1,0,2,3,0,0,1,1,15.39
CSE,Tier-2,7.86,0,7.8,6.2,64.8,5.6,5.5,4.1,1,1,1,1,0,1,1,19.83
IT,Tier-2,8.14,0,5.1,8.3,69.6,7.0,2.1,0.9,2,1,2,0,2,0,1,17.48
ECE,Tier-2,7.31,0,6.1,4.6,66.6,6.6,1.2,3.9,1,4,1,1,1,1,1,14.51
CSE,Tier-2,6.95,0,7.9,6.4,71.6,4.8,2.9,2.5,0,2,2,0,1,1,1,13.57
CE,Tier-2,7.26,0,5.5,2.5,66.6,7.4,3.3,3.6,0,3,1,0,1,2,1,12.52
IT,Tier-3,7.26,0,5.2,7.4,59.4,5.5,6.6,4.4,2,1,1,1,0,1,1,19.82
CSE,Tier-1,7.19,0,6.6,6.7,62.0,5.9,8.5,0.0,1,5,2,1,0,1,1,21.25
EE,Tier-2,6.85,0,5.7,6.0,52.5,7.5,4.2,4.1,0,2,0,0,0,0,0,0.0
CSE,Tier-3,8.01,0,6.0,5.2,80.5,4.1,4.3,2.2,1,3,1,2,0,1,0,0.0
CSE,Tier-2,7.61,1,7.7,8.8,81.3,5.0,3.0,5.3,1,3,2,2,2,1,1,18.73
CE,Tier-3,6.42,3,7.7,5.1,58.4,4.0,5.1,2.6,1,1,1,2,2,1,0,0.0
CE,Tier-3,6.54,2,4.4,6.7,61.0,4.7,2.1,4.0,2,3,1,0,1,2,0,0.0
EE,Tier-2,7.44,0,5.3,2.9,41.1,7.1,4.2,3.9,2,3,3,1,0,0,1,15.66
EE,Tier-3,5.56,0,6.9,4.3,73.0,3.3,3.1,3.3,0,2,3,3,0,0,0,0.0
Chemical,Tier-3,7.27,0,4.5,6.8,63.7,6.2,1.5,5.9,1,1,2,2,0,1,0,0.0
ME,Tier-3,6.95,3,6.5,3.7,53.2,4.7,9.1,6.8,2,4,2,0,0,2,0,0.0
ECE,Tier-3,6.94,1,7.1,7.8,78.5,6.2,2.5,2.0,0,3,2,1,0,0,0,0.0
IT,Tier-3,6.54,0,4.7,3.8,53.9,7.0,5.1,3.5,2,3,2,0,0,2,0,0.0
ECE,Tier-3,6.61,1,5.9,5.7,61.6,6.3,3.7,8.1,3,2,2,0,0,2,0,0.0
ME,Tier-2,7.44,0,8.0,6.3,74.9,3.8,4.2,5.9,3,0,1,1,0,2,0,0.0
CSE,Tier-3,5.81,0,7.2,5.0,66.6,8.6,0.9,5.2,1,4,2,0,0,2,1,12.96
CSE,Tier-3,6.95,0,5.7,3.5,73.4,4.4,0.0,4.9,0,1,0,1,1,2,0,0.0
Chemical,Tier-3,6.89,0,8.4,7.4,49.0,5.3,5.9,2.7,0,3,0,2,1,1,1,18.16
IT,Tier-3,7.24,0,8.6,3.5,57.0,6.0,6.1,3.8,0,0,3,0,0,1,1,14.35
EE,Tier-3,6.23,1,8.0,2.7,58.5,6.0,5.7,3.1,2,5,1,0,0,0,1,18.54
ME,Tier-2,7.52,0,7.4,5.3,53.5,7.8,5.9,4.7,1,2,3,0,1,0,1,16.89
CSE,Tier-2,7.63,1,7.8,7.3,58.9,8.0,6.2,5.7,0,3,1,1,0,1,1,18.08
CSE,Tier-3,7.57,0,5.1,6.4,56.0,8.3,4.2,5.3,0,3,2,0,0,1,1,16.57
ECE,Tier-3,7.06,0,5.6,7.1,69.2,7.0,3.9,3.6,0,4,1,2,0,2,1,14.24
CE,Tier-3,6.65,0,3.4,4.4,50.0,6.9,5.4,4.6,1,1,2,0,0,1,1,12.77
EE,Tier-2,7.56,0,6.5,5.8,52.5,6.9,3.5,6.1,2,2,2,2,2,1,1,16.52
EE,Tier-1,8.12,0,1.8,5.2,80.8,3.6,6.2,5.8,1,5,2,1,0,2,1,18.06
ECE,Tier-3,6.64,2,7.5,1.7,83.6,6.8,3.3,4.7,2,4,1,0,1,1,1,14.33
Chemical,Tier-3,5.1,0,5.9,3.7,60.3,4.1,6.1,5.1,3,3,3,0,0,3,0,0.0
EE,Tier-3,7.42,0,7.4,7.9,69.3,4.1,7.8,5.5,0,3,1,1,0,0,1,20.03
CE,Tier-2,8.12,0,5.6,9.1,27.8,6.1,5.5,5.1,0,4,1,0,2,0,1,18.47
CE,Tier-3,6.37,0,6.0,5.9,65.6,7.6,4.6,3.6,3,2,1,2,2,2,1,16.76
ME,Tier-2,8.15,0,7.0,3.4,64.8,6.1,5.8,2.7,1,3,1,0,2,2,1,18.04
CSE,Tier-2,7.7,0,6.1,8.7,71.0,6.0,2.7,7.0,1,3,1,1,1,0,1,21.72
ECE,Tier-1,6.18,3,5.0,4.6,58.4,3.9,5.5,7.6,0,1,1,2,0,0,0,0.0
IT,Tier-3,8.12,1,4.9,6.4,62.2,2.8,10.0,6.3,1,4,0,0,1,1,0,0.0
CSE,Tier-2,7.94,0,6.9,6.5,63.4,4.7,3.6,1.4,1,1,1,1,0,1,1,14.41
CSE,Tier-2,7.09,0,7.7,7.7,60.5,6.9,7.6,3.7,2,5,1,0,0,2,1,21.13
CSE,Tier-2,8.14,1,3.9,2.9,63.2,6.5,8.9,4.4,0,3,3,1,0,0,1,13.42
CSE,Tier-3,7.41,0,5.4,6.0,49.2,8.9,6.4,4.8,0,1,4,0,2,1,1,16.03
IT,Tier-2,6.65,1,7.4,5.2,79.4,4.5,3.9,5.6,1,5,2,0,0,2,1,17.99
EE,Tier-2,7.88,0,5.8,2.9,54.7,10.0,3.7,2.8,1,4,1,1,0,2,1,13.23
ME,Tier-1,6.85,0,6.7,6.9,66.3,8.8,2.9,3.7,2,3,1,1,1,0,1,19.18
CSE,Tier-3,6.92,1,7.8,7.3,86.1,6.1,0.0,5.3,3,2,0,2,1,2,1,18.7
ME,Tier-3,7.19,0,6.9,7.6,66.5,3.1,4.2,2.8,3,1,1,0,1,0,1,20.65
ME,Tier-3,8.09,0,5.1,4.3,49.9,6.9,5.2,4.9,2,2,2,1,1,1,1,17.56
CSE,Tier-3,7.43,0,6.6,7.6,37.8,6.5,9.2,4.1,1,4,1,0,0,0,0,0.0
ME,Tier-3,6.44,0,8.8,3.5,78.2,9.3,4.3,3.3,1,1,1,2,0,2,1,16.4
ECE,Tier-2,5.76,0,4.9,2.6,66.2,4.3,2.8,4.9,2,1,3,0,1,1,0,0.0
CE,Tier-3,6.81,0,3.8,7.4,70.0,6.1,4.5,3.0,2,4,1,0,0,0,0,0.0
EE,Tier-1,9.9,0,7.6,5.7,67.6,3.6,5.3,2.6,2,4,2,0,1,1,1,22.85
CSE,Tier-2,8.64,1,6.1,5.6,70.0,4.2,2.7,2.4,1,5,3,0,0,0,1,16.67
ECE,Tier-2,6.54,0,3.9,5.8,74.8,5.7,2.0,5.3,3,3,1,2,0,1,0,0.0
EE,Tier-3,8.61,0,6.7,6.4,67.3,6.3,2.7,2.5,0,2,4,0,0,2,1,15.45
ME,Tier-3,8.19,0,8.1,6.6,60.8,3.4,4.0,3.2,1,1,3,1,1,0,0,0.0
IT,Tier-2,6.7,1,6.6,4.5,50.4,5.2,1.9,3.5,0,2,1,0,0,3,0,0.0
EE,Tier-3,9.43,0,5.6,3.2,48.9,6.0,3.4,4.1,0,2,0,0,0,1,1,14.15
CSE,Tier-2,7.01,0,4.8,2.1,77.7,6.4,0.0,5.2,0,1,3,0,0,2,1,12.57
CSE,Tier-3,8.01,0,6.7,5.9,62.0,4.0,4.2,3.1,0,1,1,0,0,0,0,0.0
EE,Tier-3,5.43,0,6.3,6.4,44.6,6.7,4.0,3.8,2,2,2,1,0,0,1,17.32
CSE,Tier-3,5.91,0,5.6,4.3,62.6,7.6,9.9,4.3,0,0,1,0,2,0,1,16.44
CE,Tier-3,7.7,0,7.6,4.3,67.0,8.7,5.3,1.6,0,2,2,0,0,2,1,15.78
Chemical,Tier-3,7.02,0,5.5,8.4,66.0,8.4,5.8,1.8,1,2,3,0,0,0,0,0.0
CE,Tier-2,8.04,0,6.9,7.0,81.0,6.6,6.7,2.9,2,4,3,0,0,0,1,22.01
ECE,Tier-3,8.31,0,6.1,4.9,84.3,6.1,2.7,3.0,2,3,3,1,1,1,0,0.0
EE,Tier-2,6.44,0,4.3,5.9,84.2,7.4,1.6,4.8,1,3,1,2,1,0,1,13.22
ME,Tier-2,7.36,0,6.2,6.9,65.6,7.6,5.2,1.9,1,3,2,2,1,0,1,18.9
CE,Tier-1,8.23,2,7.3,6.8,82.5,5.6,0.0,4.1,1,3,1,3,0,2,1,19.38
Chemical,Tier-3,8.09,0,5.8,4.8,37.3,5.3,3.0,3.6,1,5,1,0,0,1,1,14.22
ECE,Tier-2,6.18,0,6.2,4.6,85.1,7.4,6.8,5.8,2,1,4,2,0,2,0,0.0
Chemical,Tier-3,5.64,0,7.4,4.3,61.8,6.4,4.8,3.9,0,4,1,0,0,0,1,15.68
Chemical,Tier-2,7.47,0,4.9,3.6,61.5,8.3,4.3,4.5,0,5,3,1,0,1,1,15.67
CSE,Tier-2,8.67,0,2.4,2.4,56.2,6.9,5.3,1.3,0,5,2,3,0,0,1,11.88
CSE,Tier-3,7.16,0,6.5,5.5,62.0,5.4,4.2,4.9,2,3,0,1,0,1,1,16.6
CSE,Tier-2,6.43,1,5.2,7.8,83.4,5.2,0.0,6.7,3,3,1,0,0,2,1,20.21
CSE,Tier-3,6.41,0,7.5,6.4,60.7,6.5,4.4,5.8,1,3,4,2,2,2,1,17.45
CSE,Tier-2,7.01,1,6.2,4.6,61.5,5.4,4.5,3.6,0,2,1,1,0,1,0,0.0
EE,Tier-2,5.67,1,5.8,3.5,58.7,3.3,6.4,1.6,0,1,1,1,2,0,0,0.0
CSE,Tier-3,6.99,0,6.8,4.1,71.9,4.9,3.5,0.7,1,2,1,0,2,2,1,11.35
ECE,Tier-2,6.6,1,3.9,9.2,72.0,4.7,8.3,3.7,3,2,1,0,0,3,1,21.23
IT,Tier-3,6.98,0,8.0,5.7,77.0,6.5,2.2,6.0,3,1,2,0,0,0,0,0.0
CSE,Tier-2,8.87,0,7.2,4.5,49.5,5.2,7.1,1.6,0,2,3,1,0,3,1,15.48
IT,Tier-3,8.07,1,7.3,6.4,59.4,6.7,0.5,8.3,1,1,2,0,1,0,1,17.81
ECE,Tier-2,7.88,2,6.3,6.8,52.3,5.7,3.1,1.0,0,2,3,0,0,1,1,16.04
CSE,Tier-1,7.19,0,5.7,8.8,56.0,6.3,2.3,5.1,0,0,0,0,0,1,0,0.0
EE,Tier-3,7.76,0,6.7,4.2,75.0,5.7,4.1,4.3,0,3,1,0,1,2,1,14.84
EE,Tier-1,6.38,0,5.8,6.5,49.8,6.1,4.0,5.7,1,2,1,0,0,1,0,0.0
IT,Tier-3,6.18,0,5.7,6.3,72.6,8.0,5.7,6.4,0,1,0,0,0,2,0,0.0
EE,Tier-1,7.3,0,7.7,6.0,61.1,6.3,8.6,4.7,0,3,1,0,0,2,0,0.0
IT,Tier-3,7.93,1,5.4,4.7,70.4,7.1,4.9,3.2,1,0,2,0,0,2,1,16.44
ECE,Tier-1,6.91,1,6.2,2.8,70.7,6.8,2.2,2.7,2,4,3,1,0,0,1,15.17
CSE,Tier-3,7.14,0,5.1,2.0,74.6,5.5,3.5,3.9,0,1,1,1,1,3,0,0.0
IT,Tier-2,6.18,1,6.6,4.6,86.3,6.0,3.9,3.7,1,1,3,0,0,1,1,15.28
IT,Tier-2,7.99,0,6.7,6.9,73.0,5.4,4.7,2.3,0,4,2,0,2,0,1,15.89
Chemical,Tier-2,7.8,0,5.1,4.8,63.7,5.7,3.4,5.2,3,2,1,1,2,3,1,18.59
ME,Tier-1,8.78,0,5.3,2.5,79.7,6.9,6.7,7.0,3,4,0,0,0,0,1,21.99
ECE,Tier-2,7.22,0,5.3,5.4,62.3,6.8,4.9,4.4,2,4,0,0,0,1,1,17.57
IT,Tier-2,8.14,2,6.5,7.1,86.3,2.6,7.3,3.7,0,3,0,1,1,1,0,0.0
ECE,Tier-2,5.86,0,6.2,4.4,72.8,4.1,4.2,4.0,1,2,2,0,0,0,0,0.0
Chemical,Tier-3,6.09,0,3.8,4.8,67.3,7.3,5.5,4.7,1,3,1,0,0,2,0,0.0
IT,Tier-1,7.12,2,4.5,1.2,88.9,5.7,7.3,6.6,3,2,1,0,1,2,1,18.12
ME,Tier-2,6.38,0,4.9,5.9,59.3,7.0,3.3,4.4,0,4,1,1,2,3,1,10.94
IT,Tier-3,6.99,2,5.4,3.0,61.5,5.6,5.2,2.7,1,2,1,1,2,1,1,13.38
IT,Tier-2,8.47,0,5.5,6.1,66.9,6.7,3.8,5.5,0,1,1,2,0,0,1,16.6
CSE,Tier-2,7.15,0,7.2,6.4,69.4,4.6,5.6,3.3,3,1,1,1,1,1,1,20.6
Chemical,Tier-3,6.62,2,6.5,7.0,48.6,3.9,7.1,2.3,1,1,0,0,1,1,1,18.31
ME,Tier-3,8.26,0,2.2,3.1,54.7,6.5,6.3,6.7,1,1,2,0,0,3,0,0.0
IT,Tier-3,5.8,2,4.4,8.3,66.7,4.4,3.8,5.6,0,3,2,0,0,1,1,15.97
ECE,Tier-2,7.1,1,4.6,5.2,62.5,8.0,3.1,1.2,0,2,1,0,1,2,1,14.91
IT,Tier-1,6.92,0,3.6,5.6,65.3,6.8,0.2,6.3,0,2,1,2,0,0,1,16.44
ECE,Tier-3,7.09,0,3.7,9.3,42.6,3.6,6.3,2.8,3,4,1,0,0,1,1,20.72
CSE,Tier-3,6.57,1,9.2,5.7,81.6,5.7,3.8,2.9,0,2,2,0,0,3,1,15.38
Chemical,Tier-3,5.68,0,7.4,4.9,79.0,7.5,2.8,0.3,0,2,0,0,1,2,0,0.0
CSE,Tier-1,7.4,0,6.5,7.7,100.0,8.3,6.3,3.3,1,4,3,1,0,1,1,20.84
ECE,Tier-3,6.64,1,5.6,6.1,51.2,4.3,7.6,4.6,0,1,1,1,0,2,0,0.0
Chemical,Tier-2,7.0,0,3.9,4.7,75.1,5.8,2.4,4.7,2,5,1,1,1,1,0,0.0
Chemical,Tier-3,5.74,0,5.8,8.1,71.2,5.7,1.3,3.8,1,3,2,0,1,1,1,16.9
CE,Tier-2,7.53,0,4.8,1.1,83.9,6.8,9.0,4.2,2,1,0,1,2,0,1,16.79
EE,Tier-2,7.72,2,4.1,3.9,61.0,5.5,2.8,3.6,1,2,1,1,0,2,1,13.76
ME,Tier-3,6.97,0,4.0,4.7,80.6,6.4,5.7,3.7,1,4,1,0,0,1,0,0.0
ECE,Tier-2,6.95,0,3.9,5.4,70.9,6.8,3.3,4.9,3,2,0,0,1,1,0,0.0
ECE,Tier-3,6.23,0,3.0,3.4,62.1,6.4,1.9,5.6,1,3,1,2,1,0,0,0.0
EE,Tier-1,7.13,1,6.1,7.0,57.7,6.9,5.4,1.5,0,1,1,0,1,1,1,18.03
IT,Tier-2,8.53,0,4.4,4.1,57.0,9.0,6.4,7.2,1,3,3,0,0,0,1,16.16
IT,Tier-2,6.86,1,6.2,6.9,66.2,9.7,5.6,6.2,0,4,1,0,0,1,1,18.94
IT,Tier-2,7.36,0,6.3,2.0,62.7,6.5,3.6,4.5,3,5,3,0,0,1,1,16.95
CSE,Tier-3,7.09,0,5.7,5.7,58.6,5.2,3.9,2.9,0,1,1,0,1,2,1,14.56
ME,Tier-2,6.46,0,6.4,6.1,50.8,6.2,4.2,0.8,1,1,1,1,0,2,1,16.95
CSE,Tier-2,6.82,0,5.6,6.0,65.6,5.9,0.6,3.0,3,0,0,0,0,1,1,20.27
CE,Tier-3,7.23,2,8.2,5.8,58.3,4.3,5.9,3.3,0,2,2,3,0,0,0,0.0
ME,Tier-2,6.7,0,5.6,5.7,51.5,5.1,6.2,7.2,2,4,4,0,0,1,1,18.88
IT,Tier-2,6.53,0,7.7,4.2,45.4,4.4,4.3,0.2,1,2,1,0,0,0,0,0.0
ECE,Tier-3,5.37,0,6.9,4.2,49.5,5.7,2.0,3.3,1,4,1,1,0,1,1,14.2
CSE,Tier-2,7.89,0,7.7,7.2,54.5,6.7,3.0,4.8,1,3,4,0,0,3,1,19.68
CSE,Tier-3,6.37,0,8.2,6.2,74.3,4.6,3.5,4.1,1,2,1,0,0,1,1,15.98
IT,Tier-2,6.41,0,4.1,5.3,64.1,5.5,4.3,5.1,3,1,4,1,0,1,0,0.0
CE,Tier-3,6.93,2,5.1,5.8,60.3,6.5,3.9,2.2,2,0,1,0,1,1,0,0.0
CSE,Tier-3,7.28,0,5.3,7.9,59.9,8.2,7.0,1.7,1,3,1,0,1,1,0,0.0
CSE,Tier-3,6.49,1,5.5,4.4,41.8,6.1,9.2,2.9,2,0,4,3,1,0,0,0.0
EE,Tier-2,8.8,1,8.2,5.5,61.3,6.8,2.7,4.1,0,4,1,0,0,1,1,17.28
CSE,Tier-3,8.16,0,5.6,6.2,60.4,5.4,2.8,4.3,0,2,0,1,0,0,1,15.26
IT,Tier-3,6.81,0,5.5,1.7,62.9,7.6,3.6,3.3,0,0,1,0,0,0,1,10.4
EE,Tier-2,7.56,0,6.7,5.9,71.0,6.0,3.0,3.2,1,2,3,0,0,2,1,16.93
CSE,Tier-1,6.07,0,5.6,4.0,58.3,7.3,5.7,4.5,0,2,4,0,0,1,1,17.72
CSE,Tier-2,7.8,0,5.8,4.8,65.7,5.8,4.9,4.6,0,3,4,0,0,2,1,15.92
Chemical,Tier-3,7.17,3,6.2,7.6,36.5,5.5,5.8,0.8,1,1,0,0,1,1,1,19.38
ECE,Tier-2,5.47,1,6.0,5.1,63.7,7.1,4.9,3.6,0,3,1,2,0,0,0,0.0
ECE,Tier-3,6.61,0,4.8,4.2,58.5,6.0,6.1,3.9,2,2,1,2,0,2,1,16.55
IT,Tier-2,5.87,0,6.3,8.1,65.5,5.7,2.6,2.8,1,1,3,0,0,1,1,18.56
Chemical,Tier-2,8.02,1,5.9,7.5,73.7,6.2,2.4,5.8,1,1,2,3,0,1,0,0.0
Chemical,Tier-3,5.78,0,5.5,4.5,84.4,4.7,3.8,1.3,2,3,0,1,0,2,1,14.94
IT,Tier-1,6.09,1,5.3,6.2,69.1,6.3,4.1,4.2,2,2,1,0,2,0,1,19.72
ECE,Tier-3,6.04,0,7.0,5.4,65.9,5.3,5.1,3.9,0,2,4,0,1,0,1,13.51
CSE,Tier-3,6.8,2,4.4,8.8,68.8,6.3,9.4,4.7,1,1,3,1,1,0,1,18.22
IT,Tier-3,6.82,0,5.7,2.5,74.6,4.4,4.8,6.8,0,3,1,3,0,2,0,0.0
CE,Tier-2,6.49,0,5.3,10.0,84.4,5.7,6.1,3.8,1,4,3,1,0,1,1,19.41
ME,Tier-3,6.92,0,8.9,3.8,59.6,5.8,3.1,3.5,0,2,1,1,0,0,1,17.88
Chemical,Tier-2,6.57,2,7.3,4.7,50.5,4.4,6.6,3.9,0,3,2,1,2,3,1,17.17
CSE,Tier-2,7.4,1,8.0,4.7,58.1,4.4,4.1,4.7,3,2,0,0,0,2,1,19.9
ME,Tier-2,7.86,0,5.1,6.7,66.5,7.0,4.3,2.1,1,1,3,1,1,3,0,0.0
CSE,Tier-1,7.59,0,4.2,3.5,72.9,6.0,3.2,5.1,1,1,2,0,0,0,1,15.7
ME,Tier-2,7.04,0,6.4,5.7,61.4,6.5,6.7,3.9,1,2,1,3,0,0,1,16.71
CSE,Tier-3,6.92,0,7.8,6.7,68.2,7.4,0.0,1.6,0,0,1,0,0,3,1,12.88
CSE,Tier-2,6.41,1,8.0,7.7,66.1,7.6,6.2,7.4,2,3,1,2,0,2,0,0.0
CSE,Tier-2,7.99,0,3.8,3.2,51.1,8.0,4.4,0.2,1,4,0,0,1,2,0,0.0
EE,Tier-3,6.88,2,4.9,6.0,73.4,3.8,4.0,6.8,0,2,3,2,0,1,0,0.0
IT,Tier-2,8.47,0,5.8,5.1,77.2,6.7,5.0,1.6,1,4,4,2,0,2,1,17.66
CE,Tier-3,8.66,0,9.2,5.4,61.7,5.9,4.5,4.2,0,4,1,0,0,0,1,20.09
Chemical,Tier-3,5.59,2,8.5,5.6,56.4,7.4,2.8,6.2,1,2,2,1,1,2,1,18.54
ECE,Tier-1,8.09,0,2.1,4.3,76.4,4.6,6.1,0.6,1,1,0,1,2,0,0,0.0
ECE,Tier-3,6.63,1,6.2,7.1,73.6,5.8,3.8,5.3,0,1,0,2,0,0,1,16.08
IT,Tier-2,7.43,0,6.5,5.3,61.5,5.7,6.3,4.0,0,2,2,0,0,1,0,0.0
CSE,Tier-3,6.86,2,8.9,5.2,56.9,5.0,2.9,5.9,0,1,1,2,0,0,1,16.61
Chemical,Tier-2,6.13,1,7.1,7.6,74.0,5.8,2.8,5.2,1,2,1,1,0,1,1,17.99
CSE,Tier-1,8.09,1,4.3,2.3,67.1,5.7,2.3,1.9,0,2,1,2,0,1,1,14.52
Chemical,Tier-3,6.34,1,7.0,7.7,57.4,8.1,4.5,5.3,2,2,0,1,0,1,1,20.04
CSE,Tier-2,8.55,0,7.7,7.3,68.8,4.9,5.2,6.0,2,1,2,0,0,1,0,0.0
IT,Tier-3,6.69,0,6.1,4.3,70.5,7.8,2.4,3.1,1,1,1,1,0,1,1,13.46
CE,Tier-3,7.11,1,6.3,4.7,50.3,6.3,2.2,4.8,2,0,2,1,1,1,0,0.0
Chemical,Tier-2,7.72,0,5.4,6.1,84.0,6.6,5.3,5.2,0,2,2,1,1,1,1,14.13
CSE,Tier-2,7.67,0,7.7,2.7,45.6,4.6,1.6,4.4,0,3,0,3,0,3,1,12.08
CE,Tier-1,8.07,1,3.2,4.6,59.6,4.9,4.0,3.0,1,4,1,0,0,1,1,18.3
Chemical,Tier-2,7.83,0,6.1,10.0,64.8,6.6,3.4,3.3,0,3,1,0,0,0,1,19.63
CE,Tier-3,6.77,0,8.0,6.8,59.7,5.7,4.4,5.1,1,1,0,1,0,2,0,0.0
EE,Tier-2,6.88,1,7.4,5.8,43.8,7.9,3.1,3.3,2,3,2,0,0,0,1,19.37
EE,Tier-2,7.85,0,4.7,6.2,72.7,6.9,4.1,3.0,0,2,4,1,0,1,1,13.69
ME,Tier-3,7.02,0,4.8,4.9,49.7,6.0,2.8,5.2,1,3,1,1,0,1,0,0.0
EE,Tier-2,6.58,0,6.6,7.6,72.5,5.0,5.3,4.4,1,2,2,0,1,0,0,0.0
CE,Tier-3,6.97,0,8.8,5.0,80.3,4.7,0.8,3.0,1,3,2,1,0,0,1,15.85
Chemical,Tier-3,5.71,0,4.4,5.3,62.6,7.9,2.7,5.2,1,4,0,1,0,0,0,0.0
CSE,Tier-3,6.78,1,8.3,1.7,74.1,8.4,4.1,4.5,0,3,1,1,0,1,1,13.5
ECE,Tier-3,6.76,0,6.6,7.2,55.0,6.1,2.3,5.2,1,3,2,1,1,1,1,16.32
Chemical,Tier-3,6.91,1,5.4,3.6,61.0,6.0,2.7,2.5,1,1,0,0,1,1,1,12.6
IT,Tier-2,7.26,0,7.1,7.5,53.2,7.4,4.8,2.8,1,2,0,1,0,2,1,18.76
ME,Tier-3,7.58,1,5.1,5.4,74.5,3.7,5.5,5.4,0,4,0,2,0,0,1,15.42
EE,Tier-1,8.72,1,7.6,2.1,60.4,6.5,3.8,5.2,1,2,2,1,1,1,1,19.6
ECE,Tier-3,6.5,0,9.0,6.2,75.3,6.8,7.6,3.9,0,3,0,2,0,3,0,0.0
CSE,Tier-2,6.71,0,5.7,7.6,83.5,4.6,2.4,5.8,1,1,1,2,0,0,1,15.92
ME,Tier-3,7.03,0,4.6,8.0,47.9,6.8,5.3,1.3,1,1,0,1,0,0,1,17.1
ECE,Tier-2,6.37,0,7.0,6.3,56.7,6.2,4.0,5.1,1,3,3,0,0,2,1,16.3
CE,Tier-3,8.57,0,9.1,5.9,76.2,5.7,7.2,2.6,1,0,3,0,2,1,1,18.81
CSE,Tier-1,7.58,0,4.7,4.2,74.2,5.9,1.9,1.7,2,3,2,0,0,3,1,18.07
Chemical,Tier-3,6.16,0,3.8,5.4,58.5,4.7,4.6,1.0,3,1,1,0,0,0,0,0.0
Chemical,Tier-3,6.34,0,7.9,2.8,79.1,6.1,0.6,4.3,2,1,1,0,0,1,1,13.67
EE,Tier-3,6.27,1,6.8,6.1,63.0,4.6,5.3,5.3,0,2,2,0,1,2,0,0.0
CE,Tier-2,8.06,2,9.0,4.3,73.9,6.3,3.5,1.6,0,4,1,0,1,2,0,0.0
ECE,Tier-2,7.45,1,5.6,6.7,59.7,3.8,5.2,5.0,1,3,1,0,0,1,1,15.31
IT,Tier-2,9.06,1,7.8,9.7,43.9,5.2,0.0,2.7,0,4,0,0,1,0,1,20.72
EE,Tier-2,4.21,0,5.8,7.3,51.8,6.7,2.0,1.4,2,2,2,2,1,1,1,14.06
CSE,Tier-1,8.64,0,6.8,4.6,58.7,6.8,3.0,6.8,1,1,1,1,0,2,0,0.0
Chemical,Tier-2,5.1,0,5.8,3.5,50.9,9.0,4.6,5.5,0,1,3,0,2,0,0,0.0
IT,Tier-3,6.09,2,8.0,7.9,72.5,4.8,1.9,4.7,1,1,2,0,1,1,0,0.0
Chemical,Tier-1,7.44,1,6.8,6.7,71.4,6.2,5.3,0.1,1,1,1,0,1,0,1,17.43
EE,Tier-2,6.54,0,7.9,4.9,80.8,6.8,2.4,6.1,0,5,3,0,1,0,1,15.9
CE,Tier-3,6.28,3,7.6,6.5,66.8,5.7,2.2,1.8,0,3,2,0,2,3,0,0.0
ME,Tier-1,8.2,0,8.6,5.9,57.5,6.9,2.2,4.2,1,0,1,0,0,1,0,0.0
Chemical,Tier-2,8.35,0,3.5,2.2,59.9,6.1,2.7,6.9,0,2,3,1,0,1,1,11.95
IT,Tier-1,8.33,1,7.2,5.4,74.8,5.1,4.4,3.8,0,2,3,0,0,0,1,20.21
CSE,Tier-3,7.23,1,7.3,2.7,45.4,3.8,3.8,2.6,3,0,3,0,0,1,1,15.8
CSE,Tier-3,7.06,0,6.5,5.4,65.5,5.1,4.8,6.9,0,1,0,0,0,1,1,14.5
ECE,Tier-3,5.37,1,5.2,4.7,71.6,6.7,4.2,2.2,1,4,1,0,0,2,0,0.0
IT,Tier-3,6.48,0,5.4,5.8,68.4,3.6,7.3,6.2,1,2,0,1,0,0,0,0.0
Chemical,Tier-2,6.36,0,6.1,7.3,60.9,4.9,3.7,5.4,0,5,0,2,0,3,1,17.0
CSE,Tier-3,7.99,3,6.3,8.8,68.2,6.2,6.5,6.3,1,1,1,0,1,0,0,0.0
CE,Tier-3,8.0,1,8.8,4.6,62.2,7.1,0.4,4.8,0,4,1,1,0,1,1,16.31
ECE,Tier-3,6.08,0,6.3,4.9,69.1,8.4,4.8,0.7,1,2,2,0,2,3,1,14.03
Chemical,Tier-3,5.51,3,7.0,5.6,70.8,9.5,6.0,3.9,0,4,1,1,0,0,0,0.0
IT,Tier-2,8.99,1,5.4,4.5,60.0,7.4,5.8,4.4,1,2,0,1,0,2,1,17.85
IT,Tier-2,9.33,0,5.2,5.6,62.8,4.9,3.0,4.7,2,1,3,0,1,1,1,17.56
ME,Tier-2,6.26,2,7.0,4.4,62.6,5.5,4.8,7.5,2,1,3,1,0,2,1,19.41
ME,Tier-1,6.33,0,5.1,4.1,58.5,5.9,5.9,6.0,0,4,2,0,0,1,1,18.28
ECE,Tier-1,7.1,0,5.2,2.9,53.9,6.8,0.3,2.7,0,3,2,1,1,0,1,13.65
CSE,Tier-2,7.74,0,5.1,5.6,28.9,3.3,4.7,3.1,3,1,3,2,0,2,1,20.11
IT,Tier-3,7.69,0,5.9,6.1,65.5,3.1,4.8,2.1,2,2,1,2,0,0,1,17.78
IT,Tier-3,6.0,0,5.1,5.6,67.6,5.0,2.6,5.4,2,1,1,0,1,0,0,0.0
Chemical,Tier-3,8.47,0,4.1,2.8,62.4,7.1,6.3,6.6,0,2,1,0,2,0,0,0.0
Chemical,Tier-3,6.33,1,4.9,6.3,55.2,6.0,2.6,4.6,1,3,2,0,0,0,0,0.0
CE,Tier-2,7.26,1,3.7,6.9,86.0,5.9,7.5,5.7,3,3,1,0,1,0,1,19.78
IT,Tier-3,6.7,3,5.6,6.8,62.1,5.1,4.3,4.5,3,4,0,0,0,0,0,0.0
Chemical,Tier-2,6.81,0,4.5,6.4,74.6,6.8,3.6,2.1,0,5,3,0,0,1,1,13.69
IT,Tier-1,9.24,0,7.3,9.0,64.4,5.8,4.7,3.3,0,1,0,0,0,3,1,22.34
CSE,Tier-1,5.59,0,5.8,7.8,76.1,6.3,5.4,4.8,2,4,1,0,0,3,1,20.14
ME,Tier-3,7.05,1,5.2,5.8,84.3,6.9,6.4,3.0,0,1,0,0,0,0,0,0.0
CSE,Tier-3,8.2,0,7.8,5.7,78.8,6.4,5.0,7.1,1,4,3,0,1,1,1,21.57
Chemical,Tier-3,5.2,0,7.9,3.6,75.3,4.5,3.6,5.1,1,4,3,2,2,0,1,14.59
CE,Tier-1,7.34,1,4.1,3.5,78.5,4.8,5.6,2.1,2,3,2,0,0,0,1,18.4
CSE,Tier-2,7.83,2,5.9,4.2,59.7,2.9,3.9,5.9,2,1,1,1,0,2,0,0.0
EE,Tier-3,7.94,1,5.1,6.2,68.2,7.8,5.3,4.1,0,3,3,1,1,2,1,15.8
CE,Tier-3,7.11,1,7.7,6.2,61.4,6.9,5.4,5.5,2,2,2,2,1,1,1,20.07
ECE,Tier-3,5.81,2,6.2,7.2,42.7,7.2,4.0,5.1,0,2,1,1,2,0,0,0.0
CSE,Tier-3,7.44,0,5.2,3.0,66.2,6.8,10.0,2.2,0,1,1,1,1,0,0,0.0
EE,Tier-3,6.27,0,6.5,3.4,64.8,6.2,5.4,4.5,2,1,0,0,0,0,1,15.66
CE,Tier-2,7.53,0,7.4,8.5,66.7,5.7,1.4,4.3,1,1,1,1,0,2,1,18.86
IT,Tier-2,5.55,0,5.6,6.7,51.4,4.4,7.4,0.7,3,2,2,3,1,0,1,17.46
CE,Tier-1,7.4,0,7.2,5.4,77.4,6.7,2.9,1.6,1,5,0,0,2,2,0,0.0
IT,Tier-3,6.96,0,6.1,5.0,44.4,4.2,8.1,0.2,0,3,1,0,2,2,1,17.15
CE,Tier-1,7.22,0,5.8,9.0,62.9,5.8,5.6,5.2,1,4,3,0,1,0,1,22.12
CE,Tier-2,7.6,0,6.0,4.5,88.7,2.8,7.1,4.9,2,4,1,0,0,2,0,0.0
IT,Tier-3,7.33,0,4.2,2.0,58.7,7.2,4.7,3.5,0,2,0,1,0,0,0,0.0
ME,Tier-3,8.59,0,4.8,5.0,35.6,5.4,3.6,5.4,0,0,2,0,0,0,1,17.02
CSE,Tier-2,6.57,0,5.7,4.5,90.1,4.4,4.3,10.0,1,3,2,3,0,1,1,17.83
CSE,Tier-3,7.81,1,4.3,3.5,34.5,7.2,6.1,5.7,1,2,2,1,0,0,0,0.0
IT,Tier-3,6.97,2,6.5,4.4,68.9,6.8,5.4,7.9,2,3,1,1,2,2,0,0.0
EE,Tier-3,7.55,0,7.1,6.6,65.4,4.3,7.3,3.5,1,5,0,0,1,0,1,19.41
EE,Tier-2,7.73,3,7.0,6.7,74.9,9.0,2.4,4.3,1,3,2,0,1,0,0,0.0
CSE,Tier-3,6.95,1,8.1,7.4,62.3,6.0,3.6,3.5,1,2,3,2,0,0,1,17.85
CSE,Tier-3,7.6,0,6.7,5.1,74.2,6.1,3.2,1.6,2,1,2,1,1,2,1,18.19
CSE,Tier-1,6.77,0,6.0,6.5,75.6,7.1,1.4,2.5,3,2,2,0,0,1,1,21.91
ECE,Tier-3,7.52,0,6.3,4.3,51.2,7.3,4.8,4.0,0,1,3,1,1,2,1,13.96
CE,Tier-2,5.98,0,8.4,6.0,71.8,4.6,5.1,2.6,1,3,2,0,0,2,1,16.84
ECE,Tier-3,7.4,0,4.3,5.9,63.7,5.8,6.9,5.2,1,4,1,0,0,0,1,17.42
ME,Tier-3,7.6,0,7.4,8.3,96.8,5.8,5.1,5.3,0,5,1,1,0,2,1,17.96
Chemical,Tier-3,5.36,0,5.9,7.4,70.5,7.6,6.8,4.1,1,2,1,0,0,1,0,0.0
ECE,Tier-2,6.2,2,4.6,6.0,71.5,6.1,6.7,5.5,2,1,0,0,0,2,0,0.0
ME,Tier-3,6.29,1,8.8,7.4,100.0,6.5,4.4,4.4,0,4,1,2,0,1,0,0.0
IT,Tier-1,8.49,1,5.2,4.7,54.1,6.3,5.8,4.8,2,3,1,0,1,2,1,20.85
ECE,Tier-3,7.92,0,4.1,6.3,63.0,6.3,3.8,2.6,1,3,0,0,0,2,1,14.05
EE,Tier-2,6.94,0,8.0,5.9,62.5,3.9,4.5,2.9,2,1,2,3,1,2,1,19.07
IT,Tier-3,7.25,0,6.9,5.7,65.2,5.2,8.7,5.0,0,1,2,0,1,0,0,0.0
Chemical,Tier-1,6.62,0,5.6,5.0,75.1,5.9,3.7,4.5,0,1,1,1,0,2,0,0.0
CSE,Tier-2,7.09,0,3.6,5.1,73.5,3.9,6.0,4.4,3,2,2,0,0,1,1,19.85
Chemical,Tier-2,8.08,0,6.0,2.1,53.6,5.6,6.7,2.4,0,3,3,0,1,0,0,0.0
ME,Tier-2,8.2,2,7.5,4.6,61.7,6.6,4.9,5.0,1,2,1,1,0,2,1,18.17
ECE,Tier-2,8.62,2,6.8,8.8,76.2,5.8,2.7,3.8,2,2,4,1,0,1,1,20.09
ME,Tier-3,6.27,0,6.2,8.0,70.2,5.9,5.0,3.9,2,3,3,1,1,1,0,0.0
Chemical,Tier-1,7.44,2,5.2,5.7,70.0,8.9,6.0,3.6,1,2,1,0,0,0,1,17.1
ME,Tier-2,6.37,1,5.8,7.3,46.6,3.4,4.7,6.3,0,2,4,1,0,1,0,0.0
ECE,Tier-1,7.71,0,5.7,7.8,77.9,4.6,2.4,7.2,0,2,1,0,0,2,1,18.12
EE,Tier-3,6.69,1,3.8,4.0,66.7,6.4,4.9,4.4,1,2,2,1,0,1,0,0.0
CSE,Tier-3,7.15,0,4.2,5.5,80.9,4.8,6.3,3.7,1,2,1,0,0,3,0,0.0
CSE,Tier-2,7.01,0,5.2,7.0,64.2,7.5,4.5,7.9,0,1,1,3,0,0,1,17.48
CSE,Tier-2,9.62,0,7.5,6.0,71.1,7.1,4.9,4.1,1,4,2,1,0,2,1,19.99
CSE,Tier-2,7.68,1,3.2,7.5,67.1,6.7,3.4,3.1,2,4,2,0,0,1,1,14.29
CSE,Tier-2,6.64,3,5.8,6.9,79.0,8.0,3.6,3.0,1,3,2,1,0,1,0,0.0
CSE,Tier-3,6.69,0,7.7,7.5,90.6,6.6,5.4,2.1,1,4,0,1,0,1,0,0.0
EE,Tier-1,7.8,0,4.5,4.2,75.0,7.7,4.4,4.0,2,3,1,1,0,1,1,17.3
CSE,Tier-3,6.21,0,4.2,7.4,69.6,4.7,5.7,1.9,1,2,2,0,1,0,0,0.0
ECE,Tier-2,6.98,1,5.9,4.6,96.7,4.7,6.0,3.7,0,0,3,0,2,0,0,0.0
IT,Tier-3,5.7,2,5.0,4.7,54.9,7.5,5.1,6.3,0,4,1,2,0,0,0,0.0
ME,Tier-3,6.52,0,7.7,5.1,56.7,6.1,2.2,3.0,3,2,0,1,1,1,1,17.99
EE,Tier-3,6.19,0,2.1,3.9,50.0,7.2,5.0,2.9,2,2,1,0,0,1,0,0.0
CSE,Tier-3,5.24,0,4.5,4.9,51.7,3.1,3.1,2.3,1,4,0,3,1,0,0,0.0
CSE,Tier-2,7.12,1,3.4,8.5,55.7,7.5,0.0,2.2,0,4,2,1,0,1,0,0.0
CSE,Tier-2,6.58,0,7.7,7.7,72.8,8.4,7.9,5.2,2,2,3,0,0,1,1,19.9
CSE,Tier-2,5.42,0,6.8,4.6,58.5,4.5,6.9,3.1,1,4,1,2,0,1,0,0.0
ECE,Tier-1,8.37,0,6.5,5.5,51.2,5.1,2.3,4.2,1,2,1,0,0,0,1,20.2
CSE,Tier-2,8.09,2,5.1,5.3,88.1,7.9,2.6,5.7,1,2,1,0,0,0,1,18.63
CSE,Tier-3,6.32,0,4.2,6.9,70.4,8.5,4.9,4.4,3,2,2,1,0,2,1,18.47
CSE,Tier-3,7.58,0,8.9,6.0,51.5,6.2,5.3,4.3,1,3,0,0,0,1,1,20.02
ME,Tier-2,6.41,2,4.5,7.7,71.6,4.4,0.2,2.0,1,4,1,0,0,0,1,13.56
CSE,Tier-2,6.68,2,5.7,6.2,57.9,5.7,4.2,2.1,0,4,1,0,0,1,1,15.43
ECE,Tier-1,7.3,0,10.0,5.6,55.3,7.0,4.9,8.6,3,1,2,1,0,2,1,25.07
ME,Tier-2,8.48,3,4.2,6.0,62.7,6.4,8.2,3.8,0,3,1,0,1,0,1,17.93
EE,Tier-2,7.31,0,6.2,1.7,48.0,5.7,5.2,4.7,3,2,2,0,0,0,1,17.04
CSE,Tier-3,7.68,1,5.8,7.2,57.0,7.6,2.4,6.1,1,2,1,0,0,1,1,17.18
IT,Tier-2,5.79,0,6.3,6.9,73.6,5.9,1.8,4.3,3,1,2,0,1,2,1,16.84
EE,Tier-1,7.11,1,4.2,3.3,73.8,5.7,4.1,3.2,0,1,1,0,0,0,0,0.0
CSE,Tier-2,7.99,0,5.6,6.1,63.4,7.3,4.1,3.3,1,2,1,2,0,0,1,16.41
IT,Tier-2,7.17,0,6.2,3.6,57.2,3.7,5.1,0.1,1,3,1,1,0,2,1,14.62
Chemical,Tier-2,7.11,0,5.1,2.3,76.7,4.6,0.4,4.4,2,2,2,1,0,1,0,0.0
CSE,Tier-1,7.23,3,4.2,6.0,48.6,3.5,3.4,4.0,1,2,0,0,0,2,0,0.0
ECE,Tier-2,8.08,1,6.7,3.8,79.4,6.9,2.3,3.2,1,2,1,2,1,1,1,16.26
IT,Tier-2,7.32,1,5.6,6.2,51.8,6.9,5.9,0.8,0,2,0,0,0,2,0,0.0
IT,Tier-2,6.11,0,7.6,5.4,34.1,7.3,6.7,3.9,3,1,3,0,2,0,1,19.31
CSE,Tier-2,6.65,0,7.2,5.7,62.7,3.6,4.9,1.2,0,1,4,0,2,2,1,12.7
CSE,Tier-1,9.63,0,7.7,7.1,63.2,4.1,1.2,2.5,1,3,0,0,1,2,1,19.88
ECE,Tier-1,7.52,0,6.7,8.0,81.8,6.0,5.8,1.3,2,3,1,1,0,3,1,20.06
ME,Tier-2,5.46,0,5.8,6.3,59.6,6.6,3.1,2.8,1,1,1,2,0,2,1,14.96
CE,Tier-3,7.24,0,7.5,1.9,68.5,5.8,3.0,1.7,2,4,2,1,1,1,1,13.86
ECE,Tier-2,7.96,0,6.3,7.9,54.3,5.2,0.3,0.0,1,1,0,0,0,0,1,15.4
ME,Tier-2,8.47,0,6.8,6.5,47.4,6.1,3.1,1.9,3,3,1,0,2,1,1,21.11
IT,Tier-2,7.05,2,6.8,6.3,55.8,4.3,3.2,1.9,3,3,1,0,1,1,1,17.22
CSE,Tier-2,9.17,1,5.1,5.1,71.5,8.6,5.8,4.1,1,0,1,1,0,0,1,17.52
ECE,Tier-3,7.45,1,6.7,9.0,50.5,5.5,4.2,5.8,3,1,3,0,0,1,1,20.7
EE,Tier-3,8.97,2,4.0,5.8,43.7,3.2,4.5,4.2,2,3,2,1,0,1,1,17.26
IT,Tier-2,7.2,2,2.9,8.9,72.1,5.0,5.8,5.9,0,1,0,3,0,1,1,16.44
ME,Tier-3,8.05,1,6.1,4.6,52.5,6.1,4.8,4.0,0,0,2,2,0,1,0,0.0
CE,Tier-3,8.81,0,5.8,6.3,67.5,2.9,4.2,4.3,2,3,0,0,0,0,0,0.0
CSE,Tier-3,6.83,0,4.7,7.3,80.6,7.6,4.9,1.1,0,4,0,0,1,1,1,16.78
ME,Tier-2,6.28,0,4.8,5.9,44.7,5.8,4.8,2.8,1,3,1,1,1,1,1,14.19
CE,Tier-3,5.65,0,7.1,4.8,66.0,4.9,2.6,3.8,1,4,2,1,0,2,1,14.21
CSE,Tier-2,7.0,0,6.2,7.2,47.9,2.1,4.6,4.6,3,4,2,0,0,0,1,20.18
ECE,Tier-3,6.1,2,7.6,8.2,47.1,6.1,1.9,4.8,1,2,1,1,0,0,1,17.14
ECE,Tier-3,6.37,0,3.4,6.1,56.2,3.2,5.1,3.9,0,3,2,2,1,1,1,13.45
CSE,Tier-1,7.23,0,6.4,9.1,62.2,4.8,4.3,2.4,1,4,1,1,2,3,1,21.54
ECE,Tier-3,6.91,0,6.1,6.6,72.1,6.1,8.0,4.1,2,1,0,0,2,0,1,21.17
CSE,Tier-3,6.75,0,5.5,4.9,60.4,6.3,4.8,5.6,0,0,1,0,1,2,1,15.13
ECE,Tier-2,5.95,3,6.0,5.7,53.5,5.3,4.8,2.5,0,5,2,2,0,1,0,0.0
CSE,Tier-2,5.88,0,7.7,3.1,50.3,6.2,4.1,4.3,2,2,1,2,0,1,1,17.04
IT,Tier-3,8.8,2,3.3,6.2,65.3,6.0,3.8,2.2,2,4,3,0,0,3,1,16.1
CE,Tier-2,8.27,3,8.5,3.8,40.0,6.3,2.5,4.8,2,1,3,0,0,1,1,19.96
EE,Tier-3,7.01,0,8.1,4.6,76.5,6.6,3.4,4.3,1,2,1,0,0,0,0,0.0
IT,Tier-2,8.85,1,5.3,6.1,66.9,3.7,0.7,8.0,1,2,4,0,0,3,1,18.01
ME,Tier-1,7.49,0,6.7,3.9,69.4,5.6,6.5,3.5,2,1,1,1,0,1,1,20.69
CSE,Tier-2,6.41,0,4.2,2.3,72.3,6.5,7.2,4.3,0,4,0,2,0,0,1,13.79
CE,Tier-3,8.24,0,6.1,5.2,54.3,5.5,1.8,4.1,1,4,2,1,0,2,0,0.0
CE,Tier-1,8.54,0,7.4,5.3,55.7,6.1,3.5,8.8,3,2,0,1,0,2,1,24.8
IT,Tier-2,8.59,0,4.8,9.0,56.7,6.9,3.5,3.6,0,3,4,1,1,1,1,18.14
ME,Tier-3,6.26,0,3.6,6.3,65.3,5.4,5.4,2.6,1,2,1,0,0,0,0,0.0
CSE,Tier-2,6.69,2,6.6,5.9,69.1,5.5,3.0,5.4,0,2,1,0,0,1,0,0.0
ECE,Tier-3,6.9,0,9.3,6.4,87.9,3.9,4.1,5.5,1,3,3,1,0,1,1,16.92
ECE,Tier-2,6.62,0,6.5,7.7,50.3,8.5,3.6,5.5,0,1,0,0,0,2,1,16.76
EE,Tier-3,6.49,0,5.9,1.8,64.6,5.1,4.9,2.4,2,3,1,0,0,2,0,0.0
CE,Tier-2,7.32,3,6.7,4.8,53.1,8.0,3.5,2.3,0,1,1,1,0,1,0,0.0
ECE,Tier-2,6.57,0,5.9,7.2,70.9,6.3,5.1,4.3,2,1,3,0,1,0,1,20.42
Chemical,Tier-3,6.82,1,7.6,4.0,40.3,4.5,4.0,1.3,1,2,1,1,2,0,0,0.0
CE,Tier-1,7.42,0,5.1,2.9,77.4,5.1,5.5,1.7,1,1,0,0,0,2,0,0.0
CSE,Tier-1,7.24,0,4.4,4.8,72.4,6.8,2.8,3.6,2,5,0,1,0,2,1,16.3
CSE,Tier-2,9.46,3,6.5,6.9,62.3,6.7,2.6,6.7,1,2,1,0,0,2,1,20.96
CSE,Tier-2,7.69,0,7.0,3.9,71.4,5.4,4.0,6.1,0,2,0,1,0,2,0,0.0
CSE,Tier-1,8.06,1,6.4,4.9,48.8,6.6,5.7,6.4,1,2,0,0,1,2,1,19.4
CSE,Tier-3,7.06,0,6.3,5.1,90.5,6.0,4.6,5.2,1,3,3,0,0,0,1,16.39
CSE,Tier-2,7.03,0,8.3,6.7,57.0,5.0,4.0,1.3,0,1,1,3,0,1,0,0.0
ECE,Tier-3,5.65,2,7.3,5.1,49.0,6.2,2.3,5.4,2,0,1,0,1,1,1,14.43
CSE,Tier-2,5.98,0,7.9,6.0,63.0,3.4,2.7,2.3,0,1,2,0,0,1,1,16.96
IT,Tier-3,7.0,0,5.4,4.5,87.8,7.9,1.9,5.2,0,0,0,0,0,1,0,0.0
CSE,Tier-1,8.27,0,7.0,5.7,68.4,6.7,6.5,3.3,1,2,3,1,0,1,1,19.37
CE,Tier-2,6.17,0,4.8,6.8,79.4,6.5,1.7,5.9,2,3,1,2,0,0,1,17.52
ME,Tier-2,7.06,2,3.7,7.5,53.5,7.4,4.6,7.2,2,2,1,0,0,1,1,19.03
Chemical,Tier-3,7.96,1,6.3,7.8,79.3,6.9,3.0,4.5,0,5,3,0,0,2,0,0.0
CSE,Tier-2,7.53,3,6.1,6.3,60.2,5.3,7.4,5.9,2,3,1,1,0,0,1,20.03
ECE,Tier-3,7.04,0,8.2,8.0,47.6,4.8,6.0,6.3,3,2,2,2,0,0,1,23.86
Chemical,Tier-3,6.68,1,5.2,6.0,44.0,6.1,2.4,5.0,0,2,0,1,0,0,0,0.0
IT,Tier-2,7.53,0,5.6,6.1,50.3,6.2,7.4,7.4,0,3,1,2,0,3,1,18.3
IT,Tier-3,6.58,2,4.5,5.5,37.1,4.1,4.5,7.3,2,2,2,0,0,1,0,0.0
ECE,Tier-2,6.76,0,5.8,7.1,69.4,6.2,4.9,3.7,3,3,1,0,0,0,1,18.52
CSE,Tier-1,8.43,0,5.6,5.6,79.9,6.5,4.7,4.2,3,2,3,0,1,1,1,24.05
EE,Tier-2,7.73,1,8.1,5.5,58.3,6.7,5.0,5.2,2,2,1,1,0,3,1,18.23
Chemical,Tier-3,9.39,0,6.8,4.3,40.8,4.8,2.5,6.2,2,2,0,1,1,1,1,17.99
CE,Tier-2,7.99,0,8.2,3.8,56.1,5.1,1.7,5.9,0,1,1,0,0,1,0,0.0
CE,Tier-1,8.01,0,6.2,4.4,70.2,6.4,2.6,3.3,2,2,3,0,1,0,1,20.16
ECE,Tier-3,5.89,0,5.4,5.1,56.4,5.9,3.2,5.2,0,3,1,0,0,0,0,0.0
IT,Tier-3,5.63,0,4.4,9.8,45.7,7.6,6.1,4.7,2,1,2,1,2,0,1,19.53
CSE,Tier-1,9.4,0,7.6,8.3,50.0,6.3,6.2,4.1,3,3,2,0,0,0,1,26.29
ECE,Tier-2,7.44,0,1.2,6.3,75.8,5.6,4.0,2.2,1,2,1,0,1,1,1,14.91
ME,Tier-2,6.91,0,7.8,2.1,40.7,6.0,0.7,4.8,1,2,0,1,1,0,1,12.25
ME,Tier-2,5.41,3,8.3,6.7,83.9,5.1,4.2,8.7,0,2,4,2,0,2,0,0.0
CSE,Tier-2,9.82,0,5.3,5.8,68.9,6.5,2.8,2.0,0,4,2,0,0,1,1,17.26
CSE,Tier-1,7.67,0,7.0,9.0,69.2,6.0,3.4,3.3,1,2,2,1,0,1,1,22.91
CE,Tier-2,7.73,3,5.3,4.4,53.3,5.9,5.1,6.3,0,2,1,0,0,2,0,0.0
ECE,Tier-2,7.48,0,6.2,5.9,66.8,9.4,5.5,1.9,3,3,1,0,1,3,1,21.07
CE,Tier-3,7.41,0,7.7,2.2,64.1,3.5,2.9,2.3,3,2,2,1,0,0,1,16.43
CSE,Tier-3,7.23,0,4.7,8.5,64.1,5.3,3.5,5.6,2,3,3,0,1,1,1,21.44
ME,Tier-1,6.38,2,6.9,6.1,76.2,7.9,0.3,3.2,1,4,0,0,1,1,1,14.99
CE,Tier-2,8.06,1,4.5,5.1,42.7,4.5,3.6,4.1,3,1,0,0,2,1,1,18.9
CSE,Tier-2,8.06,1,3.8,5.9,58.3,5.7,3.0,3.5,3,2,4,1,1,3,1,17.37
ECE,Tier-3,8.16,1,2.5,4.6,49.0,6.6,6.0,1.6,2,2,0,0,0,2,1,14.62
CSE,Tier-3,6.59,1,6.1,6.7,70.7,3.5,0.1,3.3,0,1,0,0,0,3,0,0.0
CSE,Tier-1,7.9,0,4.7,5.3,88.5,8.4,2.4,7.4,2,4,3,0,0,0,1,22.22
Chemical,Tier-2,7.72,1,5.6,6.2,63.2,8.4,3.2,2.2,2,2,1,1,2,0,0,0.0
ECE,Tier-1,10.0,0,5.1,9.0,56.8,3.9,6.3,8.0,1,1,4,1,2,0,1,25.04
IT,Tier-3,9.93,1,2.8,10.0,57.0,7.0,3.5,2.9,1,3,0,1,0,1,1,19.89
ECE,Tier-2,7.61,1,5.0,5.9,39.5,7.0,5.8,6.3,0,3,0,1,2,1,1,15.11
EE,Tier-3,6.1,1,5.2,4.5,79.2,6.0,5.4,3.1,0,2,2,0,0,3,0,0.0
IT,Tier-3,6.46,0,5.3,6.6,48.5,4.6,6.4,4.0,1,5,0,0,1,1,1,18.04
CE,Tier-2,7.1,1,4.6,3.4,60.7,6.9,8.0,3.6,1,0,2,0,0,1,1,17.34
ME,Tier-1,8.68,0,5.2,6.0,64.4,6.5,6.3,3.4,1,3,0,0,0,1,0,0.0
ME,Tier-3,8.22,2,5.0,3.9,69.3,6.3,3.1,5.1,0,2,1,2,0,2,0,0.0
ECE,Tier-1,8.5,0,3.0,7.1,59.1,5.3,5.5,5.5,0,2,0,0,0,1,1,16.9
Chemical,Tier-3,7.7,1,4.8,7.7,81.3,5.2,7.7,4.2,3,5,0,0,0,0,1,23.64
IT,Tier-2,8.26,0,5.7,4.0,80.3,7.8,5.5,7.9,3,4,2,0,0,0,1,20.97
Chemical,Tier-3,5.7,1,6.1,5.5,52.0,7.0,3.2,4.4,0,2,2,0,0,0,0,0.0
CSE,Tier-3,5.89,0,2.4,6.1,59.9,5.7,7.7,5.3,2,3,1,0,1,0,0,0.0
EE,Tier-2,6.22,0,7.7,3.6,47.0,4.2,3.1,7.0,0,3,0,2,0,2,0,0.0
Chemical,Tier-3,7.17,1,6.2,5.1,80.3,7.8,4.7,7.9,1,1,2,0,2,0,1,17.48
CSE,Tier-2,7.63,0,6.0,5.7,71.7,5.6,5.4,3.6,1,3,1,2,0,1,1,18.69
CSE,Tier-2,5.91,0,8.4,1.9,52.0,8.2,5.6,3.3,1,4,2,2,1,1,1,16.55
IT,Tier-3,7.09,0,5.4,7.8,54.1,5.5,1.5,0.6,1,3,3,0,0,0,1,17.55
CE,Tier-1,8.09,1,6.3,2.9,59.9,7.2,2.5,3.5,3,4,2,2,1,0,1,20.33
IT,Tier-2,7.07,1,4.2,3.0,71.1,5.2,4.2,3.3,1,2,2,0,0,1,1,14.52
CSE,Tier-3,8.63,0,5.2,5.6,72.8,5.0,3.7,5.2,2,2,1,2,0,1,1,17.81
IT,Tier-3,8.92,0,4.2,4.8,53.4,7.0,3.7,5.0,3,4,0,0,0,0,1,17.84
CSE,Tier-2,6.56,0,8.5,5.2,77.1,6.6,6.5,3.9,0,4,1,1,0,1,1,18.14
CSE,Tier-3,6.72,0,4.2,10.0,76.0,5.7,7.3,3.7,0,2,0,0,0,2,1,16.63
CSE,Tier-3,7.63,0,6.0,5.1,72.5,5.8,9.2,4.4,0,3,2,0,0,0,1,17.07
IT,Tier-2,7.31,0,7.0,6.9,63.1,6.1,1.5,1.3,0,5,2,0,1,1,0,0.0
EE,Tier-2,6.25,3,6.3,4.9,58.1,5.3,6.6,5.7,2,3,2,1,0,0,1,19.17
CE,Tier-2,8.52,0,5.8,6.6,48.0,4.3,1.9,4.1,1,3,0,1,0,3,1,18.68
ECE,Tier-1,7.71,0,9.8,10.0,70.1,7.2,3.7,3.1,1,3,0,1,0,0,1,20.61
IT,Tier-3,7.08,0,7.3,1.0,54.5,3.7,5.4,3.0,0,3,3,0,0,3,1,11.91
ECE,Tier-1,6.7,0,6.9,2.6,81.4,5.8,2.2,6.5,3,3,0,2,1,1,0,0.0
IT,Tier-3,6.01,0,5.7,5.0,55.2,5.6,0.0,7.3,2,1,1,1,2,1,0,0.0
ME,Tier-3,7.31,0,6.7,3.1,60.4,8.2,8.0,3.1,3,1,2,2,2,1,1,20.77
ECE,Tier-3,8.89,2,7.1,6.5,80.5,4.1,4.2,5.1,1,3,2,0,0,3,0,0.0
ME,Tier-1,6.45,1,6.7,6.3,56.4,6.3,5.7,2.9,0,3,2,1,0,2,0,0.0
ECE,Tier-3,6.6,1,6.7,1.7,65.6,7.4,3.0,4.3,3,4,3,2,0,3,1,16.7
IT,Tier-3,6.07,0,6.3,9.5,71.3,5.7,4.1,3.1,3,2,0,0,0,3,1,18.84
ME,Tier-1,6.74,0,5.4,4.2,63.2,7.9,1.1,7.3,3,3,0,0,1,2,1,19.91
CSE,Tier-1,9.17,1,6.3,4.4,77.3,5.8,7.0,6.2,2,3,4,0,1,1,1,21.58
IT,Tier-2,7.5,0,6.4,6.6,68.6,4.2,4.5,2.9,1,4,1,1,0,1,1,18.0
ECE,Tier-2,7.9,3,3.6,6.9,78.6,6.5,3.0,4.3,1,3,0,0,0,1,0,0.0
CE,Tier-2,6.73,0,7.7,2.8,60.1,7.0,4.5,3.4,3,2,1,3,1,1,1,17.01
Chemical,Tier-3,8.1,2,4.3,6.6,65.4,4.1,4.5,4.8,1,2,1,1,0,2,0,0.0
EE,Tier-3,6.52,0,3.2,1.0,55.2,4.4,5.6,1.6,1,2,2,0,0,2,0,0.0
CSE,Tier-1,5.94,0,7.3,4.9,74.3,5.6,5.6,1.2,1,1,4,0,0,0,1,17.52
Chemical,Tier-2,6.88,0,4.1,4.7,66.7,3.7,5.8,6.6,1,3,2,0,1,3,0,0.0
EE,Tier-3,8.21,0,5.3,9.5,69.4,9.0,2.6,4.4,1,3,1,0,1,0,1,16.46
ECE,Tier-2,6.22,2,4.2,4.2,70.8,5.1,7.9,2.5,0,5,3,1,0,3,0,0.0
CSE,Tier-2,7.93,0,8.3,3.2,63.5,6.4,5.2,5.9,3,2,1,0,0,0,1,20.49
IT,Tier-3,7.2,0,6.4,3.0,58.7,5.9,3.6,4.3,0,3,1,0,0,0,1,12.54
EE,Tier-2,8.46,0,4.5,2.7,53.5,5.7,4.9,5.1,1,2,3,1,0,0,1,15.57
CE,Tier-2,7.86,0,8.0,6.4,52.0,5.5,2.3,6.9,1,4,3,1,0,2,1,20.09
IT,Tier-2,8.3,0,6.6,4.0,55.8,3.9,4.3,4.8,1,4,4,3,0,1,1,16.94
IT,Tier-2,8.74,0,4.8,6.4,84.0,7.6,3.2,4.6,0,2,3,1,0,2,1,16.32
CSE,Tier-3,6.48,0,6.0,3.1,63.2,7.6,5.3,6.6,1,3,0,1,2,1,1,15.63
ECE,Tier-2,8.12,0,4.5,5.1,81.0,7.4,4.4,1.4,0,1,1,1,0,2,0,0.0
CSE,Tier-2,7.28,0,5.5,3.8,45.6,6.2,4.1,5.9,2,1,1,0,0,1,1,18.27
IT,Tier-2,7.12,1,3.9,7.2,63.5,7.4,3.9,3.3,0,2,1,1,1,0,0,0.0
CSE,Tier-2,9.01,1,5.1,2.2,67.1,3.8,4.3,6.0,1,2,1,2,0,0,0,0.0
CE,Tier-3,9.1,0,4.0,3.0,68.6,5.6,3.9,2.6,2,2,1,0,0,2,1,15.44
IT,Tier-2,7.34,0,5.2,4.8,78.3,4.9,2.7,5.5,1,4,2,0,0,2,1,15.0
IT,Tier-3,6.77,0,1.7,4.4,67.5,4.0,4.6,5.2,1,3,1,2,1,1,1,13.85
ECE,Tier-2,9.35,0,5.6,5.3,64.8,7.1,2.2,3.5,2,1,4,1,2,0,0,0.0
IT,Tier-1,7.53,0,2.9,4.6,51.0,2.9,4.7,3.5,1,1,0,0,0,1,0,0.0
CSE,Tier-1,6.7,0,7.7,6.9,55.7,5.2,4.2,7.2,1,1,1,1,0,1,1,18.5
IT,Tier-3,7.77,0,5.7,5.8,80.1,6.2,6.6,2.7,1,2,0,1,0,1,0,0.0
CSE,Tier-3,6.22,1,5.7,1.4,76.4,4.6,3.0,5.4,1,3,2,2,0,2,0,0.0
ECE,Tier-2,5.81,1,5.6,3.2,69.7,7.2,5.6,5.6,0,1,1,0,0,0,0,0.0
IT,Tier-1,5.72,0,5.0,5.2,77.6,9.5,1.5,2.8,1,2,2,3,0,2,1,15.72
CSE,Tier-2,6.16,0,5.2,3.2,75.4,5.6,5.2,5.4,1,2,0,0,0,2,1,16.35
CSE,Tier-3,5.68,0,8.3,7.7,58.3,6.0,4.2,4.1,1,1,2,0,1,1,1,15.89
EE,Tier-2,6.49,0,6.3,4.5,72.0,8.2,5.3,4.3,3,1,1,0,2,1,1,18.94
EE,Tier-1,8.27,2,6.0,4.0,54.1,8.9,1.2,4.2,0,2,1,2,0,0,1,13.91
EE,Tier-2,7.56,0,4.5,6.2,78.3,5.5,5.6,3.1,0,3,0,2,2,1,1,15.82
EE,Tier-3,6.32,0,4.8,5.7,66.0,4.2,1.5,1.2,2,1,1,0,0,1,0,0.0
CE,Tier-2,7.88,0,5.2,2.7,64.2,4.9,7.5,3.5,1,2,0,0,0,1,0,0.0
ECE,Tier-2,7.29,0,3.1,3.0,65.6,6.3,7.1,3.4,3,2,1,1,1,2,0,0.0
ECE,Tier-1,7.17,0,7.1,3.1,51.0,6.7,4.8,3.5,3,4,2,0,0,2,1,21.2
CSE,Tier-2,7.6,0,8.4,4.5,64.0,4.0,2.4,3.5,2,2,1,0,0,2,1,16.92
Chemical,Tier-2,7.5,0,7.3,5.4,72.4,5.1,7.0,4.4,0,2,1,0,2,1,1,17.92
CE,Tier-3,6.58,2,7.0,5.1,59.6,5.3,5.8,4.4,0,1,2,0,1,2,0,0.0
ME,Tier-2,5.37,0,6.3,6.5,63.4,6.4,5.7,2.9,1,2,1,2,0,3,1,17.11
ME,Tier-3,6.23,0,7.9,6.2,65.2,5.6,6.7,7.9,1,5,2,0,0,1,1,19.87
Chemical,Tier-3,7.98,0,8.1,1.4,83.2,5.2,5.7,6.8,0,5,2,1,0,1,1,17.34
CSE,Tier-3,5.17,0,4.5,6.9,71.6,6.3,2.4,1.2,2,3,4,0,2,0,0,0.0
CE,Tier-1,7.82,0,5.7,5.8,63.6,7.7,4.9,5.3,1,1,2,0,0,0,1,20.54
ME,Tier-1,8.03,0,6.5,4.7,65.2,4.8,6.7,4.7,1,2,2,2,1,1,1,19.43
CE,Tier-3,6.64,2,9.2,5.5,53.8,4.6,2.3,5.1,1,1,3,1,1,1,1,17.16
CSE,Tier-3,5.92,0,5.6,8.7,54.0,5.5,5.8,5.4,1,3,2,1,0,0,0,0.0
IT,Tier-2,9.01,0,4.3,4.7,53.7,5.5,6.5,2.7,0,2,3,0,0,1,1,15.14
Chemical,Tier-3,7.86,1,8.0,4.0,62.4,3.9,4.3,2.6,1,3,2,1,1,1,0,0.0
CE,Tier-3,6.41,0,6.8,7.8,55.1,6.5,3.3,4.6,1,0,1,2,0,0,0,0.0
EE,Tier-1,6.13,2,7.4,6.8,63.0,6.2,7.9,4.4,2,2,1,2,1,2,1,22.71
Chemical,Tier-2,7.98,0,5.4,7.1,80.8,5.3,2.5,6.1,1,2,1,1,0,2,0,0.0
EE,Tier-1,7.28,0,3.5,3.0,64.0,7.4,6.5,5.5,2,0,2,0,1,3,0,0.0
CSE,Tier-2,8.08,0,1.5,6.4,57.5,10.0,7.2,2.2,0,2,3,0,0,0,1,14.15
CE,Tier-3,7.45,3,8.0,6.5,62.5,5.8,4.9,6.0,0,2,2,1,0,1,0,0.0
CE,Tier-2,6.89,0,7.1,5.3,53.8,5.9,6.6,5.1,1,1,2,0,0,2,1,18.37
ME,Tier-3,7.2,0,5.3,8.6,67.7,5.9,5.1,4.5,0,3,1,2,1,0,0,0.0
EE,Tier-3,8.24,0,4.1,8.0,72.8,7.7,4.5,1.8,0,0,2,0,0,1,0,0.0
Chemical,Tier-3,6.56,0,8.5,3.4,65.0,5.1,4.7,7.6,1,3,3,2,0,0,1,16.11
Chemical,Tier-2,5.77,0,7.0,8.6,55.0,5.9,4.5,4.3,0,3,0,0,0,1,0,0.0
ME,Tier-1,7.1,1,8.8,3.1,62.9,6.5,4.3,0.0,0,3,1,0,0,0,1,20.0
CSE,Tier-2,7.06,0,6.4,3.2,85.4,4.8,4.6,3.7,0,1,0,0,0,1,1,15.19
Chemical,Tier-1,6.63,1,5.3,4.6,51.9,7.6,5.6,4.8,1,4,0,2,0,1,0,0.0
IT,Tier-3,7.57,1,5.6,7.5,41.5,6.1,5.5,4.7,1,3,4,1,1,0,0,0.0
CSE,Tier-2,7.63,0,8.5,5.4,54.6,6.7,4.0,4.4,2,2,0,0,0,0,1,19.51
Chemical,Tier-3,7.76,0,7.7,9.2,60.4,4.5,2.4,5.9,1,2,2,0,0,0,1,19.6
IT,Tier-2,7.58,0,5.0,2.9,70.0,4.8,3.6,5.5,2,3,4,0,0,2,1,16.11
ME,Tier-2,6.96,1,5.1,5.6,61.6,7.7,3.7,2.5,2,2,3,0,0,2,1,15.0
CE,Tier-3,8.1,0,8.0,7.9,59.7,4.5,4.6,3.7,1,4,1,0,0,0,1,19.99
ECE,Tier-1,7.91,0,4.7,7.2,68.9,4.9,7.1,1.4,0,2,1,2,0,0,1,18.65
CSE,Tier-2,8.31,0,5.3,4.6,60.5,7.7,2.9,3.8,0,2,3,0,0,2,1,13.42
ECE,Tier-3,6.48,3,7.5,6.0,56.3,7.1,2.2,5.2,1,2,2,1,0,1,1,15.69
IT,Tier-3,7.75,0,6.8,9.5,66.0,6.1,6.5,2.7,0,5,3,2,1,1,1,20.04
CSE,Tier-3,7.2,0,6.9,5.0,75.4,6.7,0.8,2.6,0,1,1,0,0,0,0,0.0
ECE,Tier-3,7.36,0,8.4,8.0,66.0,3.6,4.6,5.5,2,4,1,0,0,1,0,0.0
ECE,Tier-3,7.55,0,4.5,5.2,47.4,6.1,5.4,5.8,1,1,2,1,0,2,0,0.0
CE,Tier-2,5.85,3,7.5,7.5,68.7,5.2,4.9,6.2,0,2,3,1,1,0,1,17.48
Chemical,Tier-3,6.78,0,5.3,6.7,71.4,6.6,5.1,3.5,0,3,3,0,2,1,1,13.26
ECE,Tier-3,6.67,0,6.5,5.0,44.9,4.5,7.8,2.9,0,2,2,1,0,2,0,0.0
ECE,Tier-1,7.68,1,5.6,6.7,63.9,5.6,6.3,5.4,0,2,0,2,0,1,1,17.72
EE,Tier-3,6.95,0,5.6,7.0,52.1,7.3,5.5,0.6,0,1,1,3,2,0,1,14.53
ME,Tier-3,7.46,0,5.1,6.9,70.1,4.3,4.3,7.9,0,3,3,0,1,0,0,0.0
CSE,Tier-3,6.62,0,4.7,2.9,62.3,8.7,2.5,2.5,2,3,0,0,0,0,0,0.0
ME,Tier-2,7.32,2,8.7,3.8,45.0,3.6,3.6,5.5,1,2,2,3,0,0,1,17.07
CSE,Tier-2,7.63,0,5.6,2.7,67.8,5.2,2.9,5.2,1,1,1,1,0,1,0,0.0
CSE,Tier-3,7.37,0,5.2,3.3,80.5,7.2,1.5,4.6,1,2,1,0,0,1,0,0.0
ME,Tier-1,7.25,0,5.6,6.6,48.6,4.2,3.4,2.6,2,3,3,0,0,1,1,20.21
ME,Tier-3,6.85,0,7.2,3.8,66.9,3.1,5.2,0.0,1,2,1,0,0,0,0,0.0
Chemical,Tier-2,8.07,0,4.6,5.4,56.7,5.2,7.8,2.5,1,1,4,0,1,0,1,18.09
ECE,Tier-2,7.12,0,5.5,4.0,75.9,9.1,2.7,3.0,0,2,1,0,0,3,1,13.9
CE,Tier-1,6.34,0,6.9,10.0,60.4,7.1,5.3,5.1,1,3,1,0,0,2,1,22.64
EE,Tier-3,6.96,0,8.0,4.7,76.9,5.7,5.0,4.1,1,5,3,3,1,2,1,17.28
CSE,Tier-1,7.85,1,5.3,4.8,79.6,4.4,4.9,5.0,0,4,3,1,0,1,0,0.0
EE,Tier-3,7.87,2,4.5,5.1,74.1,4.6,2.6,2.3,2,3,0,1,0,1,0,0.0
CSE,Tier-3,7.26,0,6.5,7.9,75.9,6.4,7.5,5.3,0,2,1,0,1,1,0,0.0
Chemical,Tier-3,7.48,0,7.3,7.8,60.0,8.4,7.9,4.5,3,2,1,0,1,2,0,0.0
CSE,Tier-2,6.75,1,7.1,6.4,64.3,4.5,3.3,2.1,1,2,2,1,1,1,0,0.0
ME,Tier-3,6.27,0,6.1,5.6,69.1,3.8,5.5,4.3,1,0,4,1,0,1,0,0.0
CSE,Tier-3,7.3,0,7.4,4.0,100.0,5.1,3.4,2.8,0,1,2,2,0,0,1,15.41
Chemical,Tier-3,8.76,0,4.4,5.2,63.4,5.4,3.8,1.0,1,3,1,0,0,2,1,17.59
ME,Tier-3,8.22,0,5.3,2.9,49.9,7.4,4.8,3.7,0,2,0,0,0,2,0,0.0
CE,Tier-2,8.32,0,2.8,4.6,61.5,6.0,4.8,4.1,2,4,2,1,0,3,0,0.0
CSE,Tier-2,7.79,2,5.4,3.6,77.8,5.9,2.2,4.6,1,2,0,3,0,0,1,15.41
IT,Tier-3,6.89,2,6.2,9.1,38.0,7.5,2.5,2.9,1,4,1,1,0,0,1,16.11
CSE,Tier-1,8.71,2,2.4,2.3,77.5,6.0,3.3,1.8,3,2,1,0,1,0,1,18.16
IT,Tier-3,8.08,0,3.5,5.2,67.4,6.1,1.4,0.0,0,4,2,0,2,0,1,13.4
CSE,Tier-3,6.83,0,4.3,9.1,83.6,5.1,2.2,0.5,0,3,0,1,0,3,0,0.0
CSE,Tier-3,6.3,0,1.5,6.3,87.0,5.9,8.1,2.1,2,2,1,0,0,2,0,0.0
CSE,Tier-3,6.9,0,5.1,3.7,74.0,5.6,7.4,7.1,1,2,1,0,0,1,1,17.68
ME,Tier-3,7.22,2,4.9,3.7,61.5,8.1,2.3,0.2,1,5,2,0,0,3,0,0.0
CE,Tier-2,6.62,0,6.4,9.2,45.2,5.1,7.3,3.8,1,3,2,0,1,0,1,20.01
CSE,Tier-2,6.54,2,7.0,3.5,45.8,4.9,4.2,6.6,1,2,1,0,0,0,0,0.0
IT,Tier-3,6.88,0,5.7,5.1,81.0,5.1,8.1,1.8,0,1,0,1,2,2,0,0.0
ME,Tier-3,6.4,1,6.0,5.7,66.5,7.2,0.6,7.6,2,0,0,0,1,1,0,0.0
CE,Tier-2,7.34,0,6.2,9.3,53.7,6.1,6.1,3.8,0,2,3,1,1,3,1,17.95
ME,Tier-2,8.91,0,5.4,6.4,44.5,5.8,4.0,3.6,0,4,0,0,1,1,1,17.24
ME,Tier-2,8.41,0,4.7,6.1,55.6,5.8,4.2,1.5,2,2,1,0,1,1,1,18.27
CE,Tier-3,8.55,3,6.2,4.4,76.0,7.8,4.8,3.8,2,4,1,0,0,3,1,18.96
CSE,Tier-1,5.98,0,5.7,5.2,70.0,3.4,4.7,3.4,1,2,4,0,0,2,1,16.9
CSE,Tier-2,8.96,0,7.3,7.5,68.5,3.7,2.0,3.3,1,0,1,0,0,2,0,0.0
IT,Tier-3,6.64,0,6.4,4.9,87.7,6.5,7.4,4.5,0,4,1,0,1,1,1,16.02
Chemical,Tier-2,7.73,0,6.1,4.6,67.4,4.7,2.6,1.2,1,2,2,2,1,0,1,16.31
ECE,Tier-1,9.69,0,4.3,4.7,78.5,6.2,5.4,3.7,1,1,0,0,0,1,1,20.1
ECE,Tier-2,7.43,0,5.3,8.0,52.3,5.1,5.2,5.8,3,1,0,2,0,0,1,21.35
EE,Tier-2,5.93,0,5.2,7.4,67.1,4.3,4.3,1.4,0,3,1,0,0,2,1,14.88
ME,Tier-3,5.42,1,5.0,3.9,76.1,3.6,3.6,5.4,0,5,3,2,0,3,1,11.48
CSE,Tier-2,7.3,1,7.0,8.0,60.1,5.4,5.6,2.6,0,2,2,0,0,2,1,18.92
CSE,Tier-1,6.56,0,6.4,2.7,69.3,6.6,5.9,3.5,1,4,0,3,1,2,1,16.49
EE,Tier-3,6.76,2,5.2,3.6,53.1,8.1,5.5,4.4,3,2,2,1,1,0,1,17.94
EE,Tier-2,7.41,0,5.9,8.6,60.2,3.6,0.7,4.8,0,3,4,1,0,1,1,16.07
CSE,Tier-1,8.01,0,4.7,5.0,65.0,6.0,5.6,7.4,0,3,4,2,0,2,1,20.16
CSE,Tier-3,6.82,2,6.8,9.0,42.8,7.7,6.1,2.6,1,0,0,0,1,2,1,19.93
CSE,Tier-3,8.3,0,8.0,6.0,88.5,6.7,6.1,3.5,3,2,0,1,0,1,1,21.74
EE,Tier-3,6.95,0,5.0,5.4,67.3,5.1,3.7,5.0,1,2,2,1,1,0,1,16.83
CSE,Tier-2,7.4,2,6.0,8.0,77.0,5.3,3.4,4.5,1,2,3,1,1,2,0,0.0
CSE,Tier-2,7.1,0,4.7,3.9,84.3,6.5,1.6,1.1,0,1,0,1,0,0,1,9.63
IT,Tier-3,7.18,1,5.2,7.3,61.4,6.2,9.4,5.3,0,4,1,0,1,0,0,0.0
CSE,Tier-2,7.66,0,6.9,5.7,77.3,2.3,5.4,1.8,1,1,2,1,0,3,1,18.69
EE,Tier-3,7.29,0,8.3,6.4,71.0,8.6,6.2,2.3,2,1,1,0,0,2,1,17.08
CSE,Tier-1,7.16,0,4.7,4.8,75.7,7.8,3.1,2.2,2,2,0,1,0,0,1,19.86
CSE,Tier-2,8.15,2,7.0,3.7,69.0,5.3,6.3,1.5,1,3,3,0,1,1,0,0.0
CSE,Tier-3,4.97,2,4.4,2.6,59.3,4.7,4.2,1.2,1,4,0,0,0,1,0,0.0
EE,Tier-3,6.54,0,6.5,4.7,63.1,7.9,8.4,2.1,1,2,0,1,2,2,1,16.36
IT,Tier-2,8.5,0,4.9,3.3,77.2,5.7,6.3,4.0,0,2,2,1,0,0,1,15.08
IT,Tier-3,8.06,0,3.6,6.2,74.1,4.6,5.1,5.0,3,2,2,2,0,1,1,18.14
ECE,Tier-2,7.2,0,5.1,3.9,57.9,9.0,3.4,5.3,0,1,2,0,1,0,0,0.0
EE,Tier-3,6.06,0,4.0,5.8,65.5,2.3,3.2,4.5,1,3,1,0,0,0,1,16.58
CSE,Tier-2,6.7,2,7.2,5.3,92.7,5.1,7.2,3.9,1,4,1,1,0,1,0,0.0
ECE,Tier-2,6.8,0,5.5,4.2,79.0,5.3,8.3,7.2,1,1,2,0,0,0,1,18.01
IT,Tier-3,5.97,0,7.0,4.9,71.6,4.8,4.3,4.4,0,3,1,0,1,0,0,0.0
CSE,Tier-3,7.66,0,5.8,7.2,51.0,5.2,4.3,4.2,2,1,1,0,0,1,1,17.86
CSE,Tier-3,6.99,0,7.1,4.9,68.8,6.9,6.4,4.5,1,3,1,1,1,1,1,16.34
CSE,Tier-2,8.63,0,5.0,2.4,79.0,7.1,5.9,3.4,2,3,2,1,0,0,1,16.25
CSE,Tier-3,5.81,0,5.7,3.3,54.1,6.8,0.0,1.1,0,1,0,0,0,3,0,0.0
CSE,Tier-2,6.4,1,10.0,5.3,82.5,9.8,1.4,3.0,1,2,3,0,0,1,1,15.55
CE,Tier-1,8.26,0,6.3,7.2,66.3,8.4,7.9,7.4,3,2,3,0,1,2,1,28.33
ME,Tier-3,8.68,0,5.2,5.2,100.0,5.6,5.5,4.1,1,1,2,0,0,3,1,16.37
IT,Tier-2,6.25,1,4.0,6.2,65.6,5.6,8.9,3.6,3,3,0,2,0,2,0,0.0
IT,Tier-2,7.41,1,5.2,9.3,63.1,8.0,4.9,2.6,0,3,1,0,0,1,1,16.83
ECE,Tier-3,6.34,0,6.4,3.4,84.4,5.1,7.6,5.1,1,2,1,0,0,1,0,0.0
ECE,Tier-3,5.6,0,6.5,1.8,61.2,7.2,4.7,4.0,2,2,1,2,0,2,0,0.0
ECE,Tier-2,6.6,0,6.0,5.8,45.4,8.0,2.5,3.3,1,2,2,0,0,1,1,14.48
CE,Tier-3,6.5,2,7.8,3.7,52.7,6.0,2.9,2.1,2,3,2,1,0,1,0,0.0
ECE,Tier-2,7.34,0,6.3,7.9,76.7,7.8,3.4,2.8,1,5,2,2,0,2,1,15.94
EE,Tier-3,5.62,0,5.5,7.1,64.4,5.5,2.3,4.0,1,2,1,0,0,1,0,0.0
ME,Tier-2,7.6,2,7.5,2.8,75.2,5.0,10.0,4.7,1,3,4,2,1,1,1,17.8
CE,Tier-1,8.08,1,5.1,6.7,31.8,9.2,2.3,5.6,1,0,4,1,1,0,1,18.63
ME,Tier-1,7.3,0,7.7,3.6,74.6,6.1,6.0,6.5,0,4,0,0,1,0,1,18.48
ECE,Tier-3,9.12,3,7.2,6.1,38.6,8.7,4.3,5.3,0,3,2,3,0,0,1,18.01
Chemical,Tier-3,8.2,1,7.0,7.4,72.6,6.7,2.0,4.1,2,3,1,2,1,1,1,19.75
IT,Tier-1,9.6,0,5.3,3.5,59.6,2.8,2.5,0.9,0,2,2,3,0,1,1,16.33
CSE,Tier-3,6.5,0,5.6,6.4,68.3,5.5,3.1,1.0,1,1,3,1,0,0,0,0.0
IT,Tier-3,7.55,0,5.0,3.5,71.9,4.7,5.4,3.3,1,4,3,1,0,3,1,14.58
ME,Tier-3,7.1,2,5.1,3.6,69.0,4.1,3.4,5.9,0,4,0,0,0,0,1,12.49
IT,Tier-3,6.7,0,7.8,9.4,75.2,5.0,3.3,1.5,3,3,1,0,0,0,1,20.68
IT,Tier-1,7.69,1,7.1,1.0,66.2,7.2,3.0,3.8,1,3,2,0,0,1,1,16.98
ME,Tier-2,6.49,1,8.2,6.3,60.2,7.3,7.0,3.3,3,5,1,0,0,2,0,0.0
CSE,Tier-2,6.92,0,6.7,5.0,64.5,6.1,5.5,4.9,1,4,1,1,0,1,1,15.79
ECE,Tier-3,6.43,0,5.5,6.0,46.5,6.6,5.3,0.0,0,2,2,0,0,2,0,0.0
CE,Tier-3,7.59,3,6.6,6.7,69.3,6.4,2.2,6.4,3,4,3,0,0,1,1,22.14
EE,Tier-3,6.19,1,5.6,4.0,58.3,6.6,5.6,1.4,0,4,0,0,0,2,0,0.0
ECE,Tier-2,7.47,2,6.4,4.1,67.3,6.4,3.4,6.5,3,2,2,0,0,2,0,0.0
CSE,Tier-2,6.73,1,6.7,4.6,36.5,6.4,5.7,3.2,1,3,3,0,2,0,1,15.82
IT,Tier-1,8.06,2,5.4,5.0,47.0,7.1,2.6,6.0,3,1,0,1,0,0,1,21.01
Chemical,Tier-3,7.06,1,6.3,4.2,77.4,8.4,5.0,4.1,0,1,0,0,0,1,0,0.0
CE,Tier-3,6.62,0,5.3,5.0,59.3,4.8,5.8,1.2,0,2,1,1,0,2,1,14.3
CSE,Tier-1,8.38,1,7.6,9.2,69.3,4.5,3.8,2.5,2,3,2,1,0,1,1,24.49
ECE,Tier-3,5.88,1,5.7,4.7,57.4,3.3,5.1,3.9,1,3,3,2,0,0,0,0.0
CSE,Tier-2,6.89,0,6.2,7.6,65.0,6.6,3.3,4.0,3,3,2,2,0,2,1,20.02
Chemical,Tier-2,6.52,0,6.4,4.7,50.5,6.9,9.6,4.0,3,3,2,0,0,1,0,0.0
CSE,Tier-3,5.18,0,2.9,7.6,67.8,8.7,2.9,4.4,0,3,1,1,0,3,0,0.0
CE,Tier-2,6.62,0,7.0,3.4,64.5,3.3,2.7,5.6,2,2,3,2,0,0,1,15.54
ECE,Tier-2,6.74,2,6.2,7.5,50.2,3.2,6.0,5.3,2,0,3,0,0,1,0,0.0
CE,Tier-2,7.41,0,6.3,6.6,34.2,6.8,5.2,0.0,1,2,1,0,0,1,1,16.59
EE,Tier-1,7.61,0,7.3,5.4,71.8,6.3,6.5,5.3,2,3,1,3,0,1,1,20.9
IT,Tier-3,7.86,0,4.7,2.3,59.8,4.9,1.6,3.2,2,2,3,2,0,1,1,14.05
CSE,Tier-2,7.78,0,6.9,9.0,35.9,6.6,2.5,1.6,1,1,2,0,0,0,1,18.69
CSE,Tier-3,7.07,1,5.6,9.3,74.9,5.8,8.7,6.1,0,1,1,1,0,1,0,0.0
CSE,Tier-3,7.91,0,7.8,7.8,38.0,7.6,4.5,3.9,2,2,3,1,0,0,1,19.57
Chemical,Tier-1,6.46,0,3.6,3.9,61.0,8.1,2.8,8.2,1,2,1,2,1,3,1,13.16
IT,Tier-3,7.66,0,6.0,6.6,61.8,5.3,8.8,2.8,0,2,2,1,0,3,1,15.78
CE,Tier-3,7.01,0,8.7,2.9,78.3,7.3,3.2,3.3,2,4,1,1,0,2,1,16.94
CE,Tier-3,8.14,0,6.9,6.2,66.0,6.2,6.3,3.9,2,4,2,0,1,1,1,19.07
EE,Tier-2,7.93,0,6.7,2.4,55.9,3.7,2.4,2.0,1,1,0,1,0,1,0,0.0
CSE,Tier-2,5.6,0,8.7,6.2,37.9,7.8,6.8,5.0,0,1,3,0,2,1,1,17.54
Chemical,Tier-2,6.19,2,4.9,7.8,68.5,5.9,4.1,2.5,1,3,1,2,1,0,0,0.0
ME,Tier-2,6.81,0,4.3,7.6,88.6,6.5,4.0,0.0,2,3,1,1,2,0,1,16.83
ECE,Tier-3,6.31,0,6.6,7.4,52.0,3.9,6.1,3.5,2,1,1,0,0,1,1,20.26
ME,Tier-1,6.4,0,4.8,7.6,75.2,7.2,5.2,4.8,1,3,3,0,1,1,1,19.03
CSE,Tier-1,6.81,0,4.6,6.7,61.2,6.6,4.3,3.5,1,4,2,0,2,0,1,19.09
CSE,Tier-3,5.65,1,8.3,7.7,73.8,7.2,0.0,5.2,1,2,2,3,1,0,0,0.0
EE,Tier-3,7.45,2,5.0,1.7,52.9,4.3,3.1,5.1,2,4,1,1,1,1,1,14.63
CSE,Tier-3,7.31,1,5.6,5.2,67.1,5.4,3.9,4.1,1,2,2,0,1,2,1,15.35
CE,Tier-2,6.94,0,5.1,2.4,58.9,4.9,4.8,3.8,2,2,1,0,1,2,0,0.0
CSE,Tier-2,9.13,2,4.7,8.0,35.4,6.7,4.1,3.2,1,2,2,1,2,0,1,20.89
ECE,Tier-2,5.94,1,5.1,2.2,45.0,4.8,7.2,2.2,2,1,2,2,2,0,0,0.0
ECE,Tier-2,8.2,0,4.5,6.9,57.9,3.9,5.0,2.0,1,2,1,0,0,0,1,18.36
ECE,Tier-2,7.52,0,7.1,4.0,83.1,7.4,6.7,5.8,2,2,2,1,1,1,1,17.43
EE,Tier-3,5.54,0,8.7,7.9,71.3,5.2,5.4,3.3,2,4,0,1,1,1,1,15.51
ECE,Tier-2,7.78,0,4.5,5.0,48.6,4.6,4.6,3.3,2,3,1,2,0,2,1,15.6
CE,Tier-3,7.37,0,4.4,4.3,85.9,6.8,3.4,4.2,2,2,2,1,0,0,1,15.75
ME,Tier-3,7.65,0,5.8,3.6,57.1,8.2,1.9,7.3,3,2,2,1,1,2,1,16.48
EE,Tier-2,6.99,1,7.0,8.1,66.6,5.7,4.2,2.6,1,4,0,0,1,1,1,17.41
Chemical,Tier-2,6.56,1,5.4,6.7,77.3,8.9,5.8,1.2,2,1,3,0,0,1,1,18.28
EE,Tier-2,6.82,2,5.4,5.8,70.7,4.9,2.2,3.5,1,2,2,1,2,1,0,0.0
CSE,Tier-1,8.17,0,8.9,2.7,80.6,7.0,3.0,1.9,1,1,1,0,1,2,0,0.0
CSE,Tier-2,6.33,0,5.3,3.2,73.2,7.0,2.9,2.5,1,4,1,3,0,1,1,13.71
ECE,Tier-3,7.06,0,5.5,7.4,56.4,6.7,4.7,3.6,0,3,0,1,2,2,1,15.26
CE,Tier-3,8.33,0,5.2,8.5,48.7,6.6,3.7,4.6,0,2,1,2,1,1,1,18.12
CSE,Tier-2,7.74,0,4.3,7.9,55.7,7.9,4.9,4.0,0,4,2,1,2,1,1,16.26
ME,Tier-3,7.45,3,6.2,4.5,36.8,5.8,1.6,5.6,0,1,1,1,0,1,0,0.0
CE,Tier-3,8.03,1,7.1,5.9,50.0,7.7,4.1,4.1,2,2,2,0,0,2,1,19.01
ECE,Tier-3,7.42,0,8.1,5.5,49.1,3.8,2.9,4.2,2,2,2,0,0,0,1,18.89
IT,Tier-2,7.37,1,7.7,4.6,68.2,5.7,6.2,2.2,2,2,1,1,0,1,1,17.49
CSE,Tier-1,7.09,0,7.4,7.9,64.7,3.7,2.0,6.8,2,1,1,0,0,3,1,22.85
CSE,Tier-1,7.08,3,8.5,3.4,46.5,4.7,1.7,2.0,0,5,2,0,0,1,0,0.0
EE,Tier-2,8.14,2,7.0,7.1,54.8,5.8,6.1,3.1,0,2,0,0,0,0,1,17.84
ME,Tier-3,7.06,0,8.0,1.0,70.7,2.4,2.0,6.6,2,2,2,1,1,3,1,14.0
EE,Tier-2,6.5,0,6.8,7.4,53.4,5.4,7.6,4.6,0,2,0,0,0,0,0,0.0
ME,Tier-2,7.66,0,7.1,5.1,85.7,5.1,4.9,4.9,0,3,0,0,1,1,1,16.78
CSE,Tier-2,8.81,0,6.0,8.6,51.3,7.4,6.3,5.2,0,3,0,0,0,1,1,19.62
IT,Tier-3,5.56,1,5.7,7.0,77.5,6.1,3.7,0.6,0,3,3,1,0,1,1,11.82
IT,Tier-1,7.58,0,5.7,4.9,62.1,3.3,4.9,5.4,2,3,1,0,0,0,1,20.02
EE,Tier-3,6.81,0,7.1,5.8,56.9,4.3,3.0,4.4,1,4,0,0,2,3,1,19.17
ECE,Tier-3,8.27,0,6.3,4.1,64.0,6.3,5.4,0.1,0,1,0,0,0,1,1,14.74
CE,Tier-3,6.95,0,4.1,5.9,61.2,7.9,1.9,4.0,0,1,2,1,1,1,0,0.0
ECE,Tier-1,7.7,0,7.0,6.3,81.7,3.4,6.1,1.1,1,3,4,1,0,2,1,20.88
CSE,Tier-1,7.79,0,6.9,3.8,57.4,4.4,2.4,4.3,2,4,2,1,1,1,1,20.19
Chemical,Tier-3,7.68,1,5.7,6.3,63.4,7.9,4.5,4.4,2,1,0,3,0,0,1,20.03
CSE,Tier-1,8.34,0,7.7,4.3,65.9,6.7,6.1,4.3,2,0,3,1,1,1,1,20.26
Chemical,Tier-3,6.37,1,5.0,10.0,85.5,3.2,4.9,2.4,1,1,1,2,0,0,0,0.0
ME,Tier-3,5.85,0,4.2,4.9,51.2,5.0,6.9,2.2,3,4,3,2,1,1,1,18.35
